condition_id,market_start_ts,final_outcome,label,p_up,prediction,hour_utc
0x926b5403a5577818ba674b0ef3b01ddfc39fdcf97d0a32f52ca14c563bf56c21,1778000400.0,up,1,0.15997878048107667,0,17.0
0x942e46d76d8266984a9e115e38d18ce22581b3828f0455db70b24a52132ced78,1778003100.0,up,1,0.1637148289882134,0,17.0
0xf76851a3798533de0e6a0ca5871572a2be338ab2d3f1fc7587dc1ff69e6e92a3,1778014800.0,up,1,0.2616126610115198,0,21.0
0xad1e37790303922fa83c749f8e563547f8c2a2031ccdf4f645fe5216e7f77547,1778019600.0,up,1,0.2976135215387774,0,22.0
0x635f01766c7ae9f5c2ef9a68550ab59ebdb42300edb844c91acc8adfb2f57f24,1778020800.0,up,1,0.22649381554593226,0,22.0
0x32beb81afd15fdc17b6cb9a1795c67a490b04186d8cad16f5a92bd3abff2cc0d,1778021100.0,up,1,0.2976135215387774,0,22.0
0xe2fd1c3d63f0021e46c323baa93cff921e81e02f8c7da57e35a349502fdfc066,1778022300.0,up,1,0.295080270867087,0,23.0
0x8719b203102d56d2c3e18705743f05cf446b7025a076be4b88dfcc9358072a17,1778024700.0,up,1,0.2976135215387774,0,23.0
0x33d217554917325678becb9c728d0f218efe4ae2966b202b888f7a1c0271ab8f,1778033100.0,up,1,0.14504461072742547,0,2.0
0xd82ade668f267decfb0f115572e34ca5d93f8d25094fc862725e934862ed9f0e,1778035800.0,up,1,0.15997878048107667,0,2.0
0x12021b2fb8502cacbcecae656576bc76667daa61da69aed92051027ebc6f5566,1778037300.0,up,1,0.22649381554593226,0,3.0
0xa27dd11272c4d4f4815f5f8ef161cc4fe87a917b29982b47088030e4d5801aac,1778048100.0,up,1,0.22649381554593226,0,6.0
0x00f970385b30aee72460850cb9cac6b658e9e4a25fca30c1fdd0f75677dc7174,1778054100.0,up,1,0.2976135215387774,0,7.0
0x1fa9c2b80e6b88a3b020134f3deb2d0e0520d1179e405b26102f7dd7be0efab1,1778055900.0,up,1,0.2616126610115198,0,8.0
0xabbe7c02db093f51d8bed19de2eabe5985942eebc1848ebffa1e9a2c7f13ae65,1778062800.0,up,1,0.2976135215387774,0,10.0
0xe33eb004b99ba343baebbc967ffee31ce4dabcd5c8b8020624173348a49a0b1e,1778070600.0,up,1,0.2976135215387774,0,12.0
0xc714a53e57a9d260e536bdf0944f2a514be39750262122ff04a7ad3fea36480a,1778071200.0,up,1,0.22649381554593226,0,12.0
0x20c5838db8957af6cf897678da0a3f76ca367d1605809069285542a163cdce18,1778071500.0,up,1,0.2976135215387774,0,12.0
0xc28beae21b7eebd29634084f24774f61e469a507b07f443ebd12f1a0ab4e3077,1778075400.0,up,1,0.254139744374115,0,13.0
0x1d62f56ea6c7cbbada43f347697fa6eff44484678ee411ad3db9424b0237d03c,1778076300.0,up,1,0.254139744374115,0,14.0
0xb5cebd6447cb9625c249feb61703eb1bfdc8e9c5cb60a70d499be9d7108bc360,1778076600.0,up,1,0.14354460752226902,0,14.0
0xfc0dc02d6b4badfca9134504be7c1a62055cadfab08653b8d13e30d1421e5720,1778078400.0,up,1,0.2976135215387774,0,14.0
0xa71dc877c2980cc97b8e1833a8543251bc4e7f0e4d1f0e2af55e9f3467f270df,1778086800.0,up,1,0.15003620650973842,0,17.0
0x13ee3ea8139d77590f95cd773f4d669ae67e8bb37e074c308712b45995ff5a68,1778087100.0,up,1,0.22649381554593226,0,17.0
0xae4aa6bd9252472e53fa5438a7f286e7205508fdde6581fa39154ab4b5dda7d8,1778089800.0,up,1,0.2976135215387774,0,17.0
0x7a3129872383375eb8b1fd4cf76227d2eecb13e08612f1986b8a878dfa273f2e,1778091000.0,up,1,0.1482443567089558,0,18.0
0x90a26814dc41436d0a92385f24cfea9c1e2ac4e693e500902f713a5bcd5b4f7d,1778095500.0,up,1,0.15003620650973842,0,19.0
0x1ef516bb6de6be29dc91e4c1fe9a9f270fb5a60725884186d6eb17c2c4725748,1778096400.0,up,1,0.27478653886220683,0,19.0
0x7348f9f7980eb179623125d3e76efe0ab5316af4686f39f2e60e9a3b1886f015,1778110200.0,up,1,0.15835293886733381,0,23.0
0x5a0354955853c0d162dfe18e720668911f2d572a2c5b6a255d83299d50198be7,1778114700.0,up,1,0.2976135215387774,0,0.0
0xdc7720ebaaa8ae32afe5ad786ef1bce50552d0b29123403fc7544eb5a73bdde7,1778115900.0,up,1,0.1634449976429394,0,1.0
0x72a6c268538884c30a62ba28fc921abca461803fdc93877423692fa076171cc9,1778116800.0,up,1,0.14354460752226902,0,1.0
0xaa43a39df7016a43f2299feedd3d893cae78dd89fbb526ed12736d9f6b754480,1778118000.0,up,1,0.2976135215387774,0,1.0
0xe7f48ea055a9c9bf0ab033b1ddb402b90799ef6684b79229e9dfee00acf7a3da,1778131500.0,up,1,0.1637148289882134,0,5.0
0x9bf68a18216f1e311f165173f93b8082c1d4b12ade1bc3c44582fabc03585606,1778133000.0,up,1,0.2976135215387774,0,5.0
0x0be0eb688b2b6990a4c28132a7640fd1666ad8d02b9f9d9700dc77c501c59edd,1778133300.0,up,1,0.2976135215387774,0,5.0
0x228fa9306764b5feb3709ab99257a4530e8452e984d4051de1d397810fdff7a7,1778142000.0,up,1,0.2616126610115198,0,8.0
0x384644ba9f700852bad2f851920323591147dfee306504f2aca5388077bacf20,1778145000.0,up,1,0.2592727306447948,0,9.0
0xb43d2363ae052198d2d8b122dba4cbd20cf58620fef43db0d0fb42f43a8034d4,1778157300.0,up,1,0.2616126610115198,0,12.0
0xb0a7a3b4378661ed118d83b819486f4ceae3adfb9b7b80c876b07107a2f83839,1778157600.0,up,1,0.2976135215387774,0,12.0
0xf88ff812e0382660a68cc8b1cbb9a596987cad54c1d6ac7867003dbf78953c72,1778158500.0,up,1,0.2976135215387774,0,12.0
0xd1de26720675377084c2e29fa12b5f00ff7480262c3d412aadf34affa00f37b9,1778163600.0,up,1,0.2976135215387774,0,14.0
0x8a5cb3c3253a1fe68092fb72dea2664389edd4ebfd8ffa5ced23fbf02e9c3691,1778164800.0,up,1,0.2976135215387774,0,14.0
0x8d29d595a22f4740cbebb705a0bffba5ec3cda7e649c0987eb8176c05ebb9927,1778166300.0,up,1,0.20687961053510862,0,15.0
0xa30844ac14e281a5f0dd1225d4ba623be003f55e7ba941a7f2eaf87c21782115,1778179800.0,up,1,0.2616126610115198,0,18.0
0x644f25483243ef985f31dcc52b922c8afd3b67d708243efa2167947c090fa80b,1778185200.0,up,1,0.2616126610115198,0,20.0
0x55a72ec85711b9a828cb04245c6b49a084da887cc1e4ecd2ec20370af570bb6f,1778199300.0,up,1,0.2976135215387774,0,0.0
0x139a0515d26a49b00582a659305ea4287ae0fddc28b6ce6d5d70d1027de8b376,1778201700.0,up,1,0.254139744374115,0,0.0
0x1587ee233e3c926209cc5c4f888f34c96c9c7f7c1448d17989d3b7a79c1cdf32,1778204100.0,up,1,0.15997878048107667,0,1.0
0x28293caf553ee0d4aa44d39b71deb7a325b2e463107d1118c71cf9e29d27a18c,1778213700.0,up,1,0.2616126610115198,0,4.0
0x00001032adc2a18f836a38d7da2ffc1d81cbcf44f9a8b33c9c941fd0a07e2914,1778214300.0,up,1,0.295080270867087,0,4.0
0xcbb6bf65681ccec10abbd7f6db2ed92c72a0f3d085e46eb56639dcd81656b02d,1778222100.0,up,1,0.295080270867087,0,6.0
0xaff9ffc05e92caebcb47ddf709d0927f9d70b0ccd3fd7d455eecae024ef76793,1778223300.0,up,1,0.2976135215387774,0,6.0
0xe50b488703b5bf67e17d0745c7c3f26c4cd23463a55b44775f9a47b1fe64154f,1778226300.0,up,1,0.2976135215387774,0,7.0
0xfa311908efaa07fd592998538c12df45a9353364045372d2b0a230ccf182b5d4,1778229600.0,up,1,0.2976135215387774,0,8.0
0x49ebd0f89932b140745039974781222d36daa1a7b537395f7efc1599dde44cfb,1778230200.0,up,1,0.2976135215387774,0,8.0
0xc777527053570bcf6d2800c67a4f7150811dd973adce151eac9f7e20b3416663,1778234100.0,up,1,0.22649381554593226,0,9.0
0xc5d15de264e61f4227698ec6cf9c1902128eca331c00812e541ef3462c6fdee6,1778235600.0,up,1,0.14354460752226902,0,10.0
0x1dc53c17f24717ce1de8828054663f71729dabe567d277d4aafc90412f7692e1,1778237100.0,up,1,0.2976135215387774,0,10.0
0x2ff68e32ad111f79e33258ba649bd8d2aba0a01ee12de4a6d08e1b3339661399,1778242200.0,up,1,0.2976135215387774,0,12.0
0xb8327e6e2315126127135a99df21a91496ee6e76c64e5746bce8ca3cb3262a37,1778243100.0,up,1,0.22649381554593226,0,12.0
0x6ed0b27e912982d6bb5b3b6d6f727674d9fff0d8f735118b35c55fc1d0283a08,1778244600.0,up,1,0.2048933834514062,0,12.0
0x0e774a35174299a570a884c7419325d176a67dddd0d06277a726efc464aebd42,1778250600.0,up,1,0.14504461072742547,0,14.0
0x9d42107c9ce9d29011b5e88aaacb309d167e754521904f44b95cb077515b6352,1778260200.0,up,1,0.14504461072742547,0,17.0
0x1041518f3fa1b74d1a30ea6ba1670c92963ab25f217e6664356e781c49db0d1b,1778270100.0,up,1,0.14354460752226902,0,19.0
0xd88a4ccad8afa98fa0a03036a9c46fadd2391bcd44fa235b84da3c06b97f0789,1778272200.0,up,1,0.14354460752226902,0,20.0
0x6f25e93d81efee2aff11327a1b04c960086f315b090d943e9077e7c23f359f64,1778275500.0,up,1,0.2976135215387774,0,21.0
0x40905be675bdde53dc85df926365fa5a6de2af634420c22c467d6e13d8a39dc4,1778276400.0,up,1,0.2976135215387774,0,21.0
0x4e7ee1d9d2836bf109ea9a0a6773fa59a8e6fe3cb2add24a19158001030ec99e,1778277000.0,up,1,0.2976135215387774,0,21.0
0xf7c2933adafc9db3f0792d98cb93039678d27ee04c4882d4d36819ca89efa780,1778278800.0,up,1,0.14504461072742547,0,22.0
0x393c91aca21ec07bd6f2987137867e146c842a2d0e9b27c73f5431247bf8e2a9,1778282100.0,up,1,0.14671694141451302,0,23.0
0x14b51036da0dd5442c491b0e61c04ff0d97b9a1140ac929b44e4966a96531aba,1778288100.0,up,1,0.22649381554593226,0,0.0
0x56db27a3f92abb693549a9edbe8e3cea64666d80bc341da6499a7c75d089fe5b,1778288400.0,up,1,0.2616126610115198,0,1.0
0x7ff753e20710f5dace9c9fec4a17b158c6ba35c4f5d5b101844dd51325f92890,1778291100.0,up,1,0.2976135215387774,0,1.0
0x635b454fb6d3d2606eb79227cbf6af0ecbb06b0ec4bf6899130e9020f83b63d3,1778292300.0,up,1,0.254139744374115,0,2.0
0xe1c48cae7c9c19755571252113971ef79ea74e385963280139628368a7dec78a,1778294700.0,up,1,0.2518438564838528,0,2.0
0x1ecdcb07f3d13cd656100354a0fe38f3a6e639ec4d56106a2e99e77dffb09d2b,1778298000.0,up,1,0.2976135215387774,0,3.0
0x465377a29d44d035a0f1681528d1422ac23fc73e43f5885e3bd661e40369fbae,1778298600.0,up,1,0.2976135215387774,0,3.0
0x7688f8123398226d69ec304eef32f64ec0676dad492aed372579110a091e3ae8,1778300400.0,up,1,0.2592727306447948,0,4.0
0x9945c6ed66a707d1d0277d3d45b125196bf57f91b1c4c49bf78a998273b4f194,1778304300.0,up,1,0.15835293886733381,0,5.0
0x77785536b7c7da14014e68b5c5706d9893cfd5a2b6a004e60595ce979553bc23,1778304600.0,up,1,0.2976135215387774,0,5.0
0x8b46eb584d3a7b9270a04c482306186735fb899ec6d13226a6e3d298f3d6953d,1778331300.0,up,1,0.15997878048107667,0,12.0
0x9ca03b07f7c8e2e790aa75c9e4bdc5893d1bb1dfebc3bc797eec4e22ff944d6a,1778332200.0,up,1,0.14354460752226902,0,13.0
0x83eefe9fee24bdfea3ca0fa7b623fdf17fde64e888ae23adeb8ce62e5c9c0f32,1778336700.0,up,1,0.22649381554593226,0,14.0
0xbd1608b3e576991ad4bc675083c612e9c39294664347126b661d7fb2b8802033,1778339400.0,up,1,0.2616126610115198,0,15.0
0x463de486cd4ad9d13048a839302db0aaaf0f2743693361a2988a1b4295f892aa,1778354100.0,up,1,0.254139744374115,0,19.0
0xeee13008b6514b41e43c841b781ca2187e550748f2be4694c5ea23238cca292b,1778361900.0,up,1,0.14354460752226902,0,21.0
0x26e81bbd4f96733ffad8e509de231daf1865423ba0841e38ee0b48d9bdad6d45,1778365800.0,up,1,0.14354460752226902,0,22.0
0x302a2ec5b89960f8d2f832aa59759a1671ea1ea2e71aa8c497d2a8fb0db8954d,1778366100.0,up,1,0.22649381554593226,0,22.0
0x622c94f21e4350a9f9e828234d0bf7062089546c41256a018e819654c72396d3,1778373000.0,up,1,0.254139744374115,0,0.0
0x8f58affcf31bb61753026c9fa4182ed6477f028c2b5fcc92137dbddbf0313ad5,1778381100.0,up,1,0.2976135215387774,0,2.0
0x388e34d2f41c2d2d77c304f839295e9663f83f554f7d0b5f6c4a9a2a5320227d,1778381700.0,up,1,0.278056631566855,0,2.0
0xe991b46284d83c635c727e0b0f0b1ec6c50d8664d84e22edda5fa2ba93560ded,1778382000.0,up,1,0.2976135215387774,0,3.0
0x0083df112818caad4268ef29e368e63ff84636fdd979f31a4eca06a263ce75ce,1778383800.0,up,1,0.14354460752226902,0,3.0
0x38b2f91b4f959a9b1c1057f261b0e3eb375c7d9a6165cfb40159d07f5344a830,1778386200.0,up,1,0.15835293886733381,0,4.0
0x0aca7808de768978b6de26d83ceca132cf5e721756cd9d419b8b3dbb9159e6a0,1778402700.0,up,1,0.2976135215387774,0,8.0
0x23826fa86d519c6e46a3de0b1eb0e2f09f4975a0046eee7cb52e4237565107fe,1778406600.0,up,1,0.2976135215387774,0,9.0
0x6395b04d44cc6023aaaf14e544a700c8f1657ca6e3be980a23566976db950f8b,1778413200.0,up,1,0.22649381554593226,0,11.0
0x1868513a796c341ebaf9ceaf6ae996b10e1a5dd33ca8849526cba91e8cbd7043,1778418300.0,up,1,0.20687961053510862,0,13.0
0xd5e75d02ab7f4053a33b2e8b8f20324152393dc1605b813a9434cfd43211457a,1778418600.0,up,1,0.2616126610115198,0,13.0
0x2b634bfbc82d7d3eca13745343b449ebbdf4757e31aa9fb8ab8f8b1bd0fc7127,1778421300.0,up,1,0.20687961053510862,0,13.0
0x70af5fea0b259b57df7afa67e5a07abccc3e8731c7f3b1552c1dfaf3074aca6e,1778422800.0,up,1,0.14354460752226902,0,14.0
0x3414b8a2d8729bea7bfe3f0a685541e09e6d46b4c10f1b9e63155e7f0b21f228,1778431800.0,up,1,0.2976135215387774,0,16.0
0xa163fe061a27732fa843986ed0eb647c33199b9aa6c08f9c21ec89b8fb669b91,1778432400.0,up,1,0.2976135215387774,0,17.0
0x7ec94389666cbba1cc8d3bd1634b25fcf93cc83fde074d22686e4cf60fe59ebe,1778433300.0,up,1,0.2243725484196703,0,17.0
0xe46de444a9b0e22f180e4d8ad09ef55365e6b57dd6a91793113bdd198ee34c5c,1778451300.0,up,1,0.14354460752226902,0,22.0
0x35d06151fba0ac4ed688a1230fa8bd5544e76d3ea843445aeb3d2439b4bf4dc5,1778453400.0,up,1,0.14354460752226902,0,22.0
0x1f6907ef60cbe76fa5c31ebf84d4ccfbb429eae306e8a8e327458bef0891aa57,1778456400.0,up,1,0.254139744374115,0,23.0
0xe21e76f2dadd217bf7156bec1b1d6e859639b7feaff04d8f382ceba448869c0f,1778457300.0,up,1,0.14354460752226902,0,23.0
0x6c2cf8e840b7c6b9e50fc1d6f2b96dfbe8648c3bba8420f702850c060bcb063a,1778462400.0,up,1,0.22649381554593226,0,1.0
0x945be8e87294c87c37c0a8a2547a1b612fcbdbc92063cf45484a1307010e6adc,1778463900.0,up,1,0.2616126610115198,0,1.0
0x992747a7c12fdf518eb30a813029a744a9f4d9e0c7e47d9e6754900e56a64c18,1778469600.0,up,1,0.22649381554593226,0,3.0
0xaeab8faeb61f5916e50b7440659d28915600569c4e73e00f434081621c85a645,1778471400.0,up,1,0.2976135215387774,0,3.0
0x5c07484bd9cc3627c954cf43b349e7f2c009a33fa845a35dd941ae5535c3f6fb,1778478600.0,up,1,0.2243725484196703,0,5.0
0x969a2f996f84c43f04f3e3fe02c6e243709cd7b6d0729123e49d5b1d9389b2b6,1778479200.0,up,1,0.2616126610115198,0,6.0
0xf9ad98ca192cc41e2be094a53a3278b60ffd68249bcf2a98e4209f04b9b6bd6f,1778483100.0,up,1,0.15997878048107667,0,7.0
0x8cd0a603f41c7ea771ff686e9b81f17ddeb0fc979b7b4d8bc7219da2814239d7,1778483700.0,up,1,0.1653849044876323,0,7.0
0x2bd7a457a27db90d4f6aa11969c5555540b73039d442a472d32db65dab115084,1778500200.0,up,1,0.15835293886733381,0,11.0
0x031a514a37504f450e9d7dbe2de073c70f02a9ea4ff839e8b4f79d8a47d0ae08,1778500500.0,up,1,0.15835293886733381,0,11.0
