prediction_side,decision_second_bucket,current_price_bucket,order_delay_seconds,limit_price,win_market_count,win_fill_market_count,a_win_market_fill,lose_market_count,lose_fill_market_count,a_lose_market_fill,fallback_level
up,120_149,0.00_0.05,120,0.45,4,4,1.0,106,104,0.9811320754716981,fine
up,120_149,0.05_0.10,120,0.45,15,14,0.9333333333333333,246,246,1.0,fine
up,120_149,0.10_0.15,120,0.45,61,61,1.0,378,377,0.9973544973544973,fine
up,120_149,0.15_0.20,120,0.45,51,51,1.0,286,286,1.0,fine
up,120_149,0.20_0.25,120,0.45,88,87,0.9886363636363636,355,355,1.0,fine
up,120_149,0.25_0.30,120,0.45,153,153,1.0,440,440,1.0,fine
up,120_149,0.30_0.35,120,0.45,165,163,0.9878787878787879,325,325,1.0,fine
up,120_149,0.35_0.40,120,0.45,161,158,0.9813664596273292,251,250,0.9960159362549801,fine
up,120_149,0.40_0.45,120,0.45,225,208,0.9244444444444444,320,320,1.0,fine
up,120_149,0.45_0.50,120,0.45,272,213,0.7830882352941176,321,321,1.0,fine
up,120_149,0.50_0.55,120,0.45,295,193,0.6542372881355932,293,292,0.9965870307167235,fine
up,120_149,0.55_0.60,120,0.45,369,206,0.5582655826558266,269,268,0.9962825278810409,fine
up,120_149,0.60_0.65,120,0.45,296,115,0.3885135135135135,154,153,0.9935064935064936,fine
up,120_149,0.65_0.70,120,0.45,419,158,0.37708830548926014,210,210,1.0,fine
up,120_149,0.70_0.75,120,0.45,318,84,0.2641509433962264,110,109,0.990909090909091,fine
up,120_149,0.75_0.80,120,0.45,356,73,0.2050561797752809,103,103,1.0,fine
up,120_149,0.80_0.85,120,0.45,344,64,0.18604651162790697,79,78,0.9873417721518988,fine
up,120_149,0.85_0.90,120,0.45,325,44,0.13538461538461538,36,36,1.0,fine
up,120_149,0.90_0.95,120,0.45,327,20,0.06116207951070336,11,11,1.0,fine
up,120_149,0.95_1.00,120,0.45,60,3,0.05,1,1,1.0,fine
up,any,any,120,0.45,4304,2072,0.48141263940520446,4294,4285,0.9979040521658128,side_delay_price
up,120_149,0.00_0.05,120,0.5,4,4,1.0,106,104,0.9811320754716981,fine
up,120_149,0.05_0.10,120,0.5,15,14,0.9333333333333333,246,246,1.0,fine
up,120_149,0.10_0.15,120,0.5,61,61,1.0,378,377,0.9973544973544973,fine
up,120_149,0.15_0.20,120,0.5,51,51,1.0,286,286,1.0,fine
up,120_149,0.20_0.25,120,0.5,88,88,1.0,355,355,1.0,fine
up,120_149,0.25_0.30,120,0.5,153,153,1.0,440,440,1.0,fine
up,120_149,0.30_0.35,120,0.5,165,165,1.0,325,325,1.0,fine
up,120_149,0.35_0.40,120,0.5,161,160,0.9937888198757764,251,250,0.9960159362549801,fine
up,120_149,0.40_0.45,120,0.5,225,218,0.9688888888888889,320,320,1.0,fine
up,120_149,0.45_0.50,120,0.5,272,261,0.9595588235294118,321,321,1.0,fine
up,120_149,0.50_0.55,120,0.5,295,241,0.8169491525423729,293,292,0.9965870307167235,fine
up,120_149,0.55_0.60,120,0.5,369,230,0.6233062330623306,269,269,1.0,fine
up,120_149,0.60_0.65,120,0.5,296,147,0.4966216216216216,154,153,0.9935064935064936,fine
up,120_149,0.65_0.70,120,0.5,419,193,0.4606205250596659,210,210,1.0,fine
up,120_149,0.70_0.75,120,0.5,318,95,0.29874213836477986,110,109,0.990909090909091,fine
up,120_149,0.75_0.80,120,0.5,356,91,0.2556179775280899,103,103,1.0,fine
up,120_149,0.80_0.85,120,0.5,344,78,0.22674418604651161,79,78,0.9873417721518988,fine
up,120_149,0.85_0.90,120,0.5,325,50,0.15384615384615385,36,36,1.0,fine
up,120_149,0.90_0.95,120,0.5,327,23,0.07033639143730887,11,11,1.0,fine
up,120_149,0.95_1.00,120,0.5,60,4,0.06666666666666667,1,1,1.0,fine
up,any,any,120,0.5,4304,2327,0.5406598513011153,4294,4286,0.9981369352585002,side_delay_price
up,120_149,0.00_0.05,120,0.55,4,4,1.0,106,104,0.9811320754716981,fine
up,120_149,0.05_0.10,120,0.55,15,14,0.9333333333333333,246,246,1.0,fine
up,120_149,0.10_0.15,120,0.55,61,61,1.0,378,377,0.9973544973544973,fine
up,120_149,0.15_0.20,120,0.55,51,51,1.0,286,286,1.0,fine
up,120_149,0.20_0.25,120,0.55,88,88,1.0,355,355,1.0,fine
up,120_149,0.25_0.30,120,0.55,153,153,1.0,440,440,1.0,fine
up,120_149,0.30_0.35,120,0.55,165,165,1.0,325,325,1.0,fine
up,120_149,0.35_0.40,120,0.55,161,161,1.0,251,250,0.9960159362549801,fine
up,120_149,0.40_0.45,120,0.55,225,224,0.9955555555555555,320,320,1.0,fine
up,120_149,0.45_0.50,120,0.55,272,266,0.9779411764705882,321,321,1.0,fine
up,120_149,0.50_0.55,120,0.55,295,279,0.9457627118644067,293,292,0.9965870307167235,fine
up,120_149,0.55_0.60,120,0.55,369,287,0.7777777777777778,269,269,1.0,fine
up,120_149,0.60_0.65,120,0.55,296,184,0.6216216216216216,154,154,1.0,fine
up,120_149,0.65_0.70,120,0.55,419,229,0.5465393794749404,210,210,1.0,fine
up,120_149,0.70_0.75,120,0.55,318,118,0.3710691823899371,110,109,0.990909090909091,fine
up,120_149,0.75_0.80,120,0.55,356,110,0.3089887640449438,103,103,1.0,fine
up,120_149,0.80_0.85,120,0.55,344,91,0.26453488372093026,79,78,0.9873417721518988,fine
up,120_149,0.85_0.90,120,0.55,325,57,0.1753846153846154,36,36,1.0,fine
up,120_149,0.90_0.95,120,0.55,327,30,0.09174311926605505,11,11,1.0,fine
up,120_149,0.95_1.00,120,0.55,60,4,0.06666666666666667,1,1,1.0,fine
up,any,any,120,0.55,4304,2576,0.5985130111524164,4294,4287,0.9983698183511877,side_delay_price
up,120_149,0.00_0.05,120,0.6,4,4,1.0,106,104,0.9811320754716981,fine
up,120_149,0.05_0.10,120,0.6,15,14,0.9333333333333333,246,246,1.0,fine
up,120_149,0.10_0.15,120,0.6,61,61,1.0,378,377,0.9973544973544973,fine
up,120_149,0.15_0.20,120,0.6,51,51,1.0,286,286,1.0,fine
up,120_149,0.20_0.25,120,0.6,88,88,1.0,355,355,1.0,fine
up,120_149,0.25_0.30,120,0.6,153,153,1.0,440,440,1.0,fine
up,120_149,0.30_0.35,120,0.6,165,165,1.0,325,325,1.0,fine
up,120_149,0.35_0.40,120,0.6,161,161,1.0,251,250,0.9960159362549801,fine
up,120_149,0.40_0.45,120,0.6,225,225,1.0,320,320,1.0,fine
up,120_149,0.45_0.50,120,0.6,272,269,0.9889705882352942,321,321,1.0,fine
up,120_149,0.50_0.55,120,0.6,295,285,0.9661016949152542,293,292,0.9965870307167235,fine
up,120_149,0.55_0.60,120,0.6,369,342,0.926829268292683,269,269,1.0,fine
up,120_149,0.60_0.65,120,0.6,296,210,0.7094594594594594,154,154,1.0,fine
up,120_149,0.65_0.70,120,0.6,419,268,0.639618138424821,210,210,1.0,fine
up,120_149,0.70_0.75,120,0.6,318,146,0.4591194968553459,110,109,0.990909090909091,fine
up,120_149,0.75_0.80,120,0.6,356,127,0.35674157303370785,103,103,1.0,fine
up,120_149,0.80_0.85,120,0.6,344,103,0.29941860465116277,79,78,0.9873417721518988,fine
up,120_149,0.85_0.90,120,0.6,325,69,0.2123076923076923,36,36,1.0,fine
up,120_149,0.90_0.95,120,0.6,327,37,0.11314984709480122,11,11,1.0,fine
up,120_149,0.95_1.00,120,0.6,60,4,0.06666666666666667,1,1,1.0,fine
up,any,any,120,0.6,4304,2782,0.6463754646840149,4294,4287,0.9983698183511877,side_delay_price
up,120_149,0.00_0.05,120,0.65,4,4,1.0,106,104,0.9811320754716981,fine
up,120_149,0.05_0.10,120,0.65,15,14,0.9333333333333333,246,246,1.0,fine
up,120_149,0.10_0.15,120,0.65,61,61,1.0,378,377,0.9973544973544973,fine
up,120_149,0.15_0.20,120,0.65,51,51,1.0,286,286,1.0,fine
up,120_149,0.20_0.25,120,0.65,88,88,1.0,355,355,1.0,fine
up,120_149,0.25_0.30,120,0.65,153,153,1.0,440,440,1.0,fine
up,120_149,0.30_0.35,120,0.65,165,165,1.0,325,325,1.0,fine
up,120_149,0.35_0.40,120,0.65,161,161,1.0,251,250,0.9960159362549801,fine
up,120_149,0.40_0.45,120,0.65,225,225,1.0,320,320,1.0,fine
up,120_149,0.45_0.50,120,0.65,272,270,0.9926470588235294,321,321,1.0,fine
up,120_149,0.50_0.55,120,0.65,295,291,0.9864406779661017,293,292,0.9965870307167235,fine
up,120_149,0.55_0.60,120,0.65,369,358,0.9701897018970189,269,269,1.0,fine
up,120_149,0.60_0.65,120,0.65,296,280,0.9459459459459459,154,154,1.0,fine
up,120_149,0.65_0.70,120,0.65,419,328,0.7828162291169452,210,210,1.0,fine
up,120_149,0.70_0.75,120,0.65,318,181,0.5691823899371069,110,109,0.990909090909091,fine
up,120_149,0.75_0.80,120,0.65,356,153,0.4297752808988764,103,103,1.0,fine
up,120_149,0.80_0.85,120,0.65,344,118,0.3430232558139535,79,78,0.9873417721518988,fine
up,120_149,0.85_0.90,120,0.65,325,84,0.25846153846153846,36,36,1.0,fine
up,120_149,0.90_0.95,120,0.65,327,42,0.12844036697247707,11,11,1.0,fine
up,120_149,0.95_1.00,120,0.65,60,4,0.06666666666666667,1,1,1.0,fine
up,any,any,120,0.65,4304,3031,0.704228624535316,4294,4287,0.9983698183511877,side_delay_price
up,120_149,0.00_0.05,120,0.7,4,4,1.0,106,104,0.9811320754716981,fine
up,120_149,0.05_0.10,120,0.7,15,14,0.9333333333333333,246,246,1.0,fine
up,120_149,0.10_0.15,120,0.7,61,61,1.0,378,377,0.9973544973544973,fine
up,120_149,0.15_0.20,120,0.7,51,51,1.0,286,286,1.0,fine
up,120_149,0.20_0.25,120,0.7,88,88,1.0,355,355,1.0,fine
up,120_149,0.25_0.30,120,0.7,153,153,1.0,440,440,1.0,fine
up,120_149,0.30_0.35,120,0.7,165,165,1.0,325,325,1.0,fine
up,120_149,0.35_0.40,120,0.7,161,161,1.0,251,250,0.9960159362549801,fine
up,120_149,0.40_0.45,120,0.7,225,225,1.0,320,320,1.0,fine
up,120_149,0.45_0.50,120,0.7,272,271,0.9963235294117647,321,321,1.0,fine
up,120_149,0.50_0.55,120,0.7,295,293,0.9932203389830508,293,292,0.9965870307167235,fine
up,120_149,0.55_0.60,120,0.7,369,365,0.989159891598916,269,269,1.0,fine
up,120_149,0.60_0.65,120,0.7,296,289,0.9763513513513513,154,154,1.0,fine
up,120_149,0.65_0.70,120,0.7,419,399,0.9522673031026253,210,210,1.0,fine
up,120_149,0.70_0.75,120,0.7,318,233,0.7327044025157232,110,109,0.990909090909091,fine
up,120_149,0.75_0.80,120,0.7,356,197,0.5533707865168539,103,103,1.0,fine
up,120_149,0.80_0.85,120,0.7,344,147,0.4273255813953488,79,78,0.9873417721518988,fine
up,120_149,0.85_0.90,120,0.7,325,101,0.31076923076923074,36,36,1.0,fine
up,120_149,0.90_0.95,120,0.7,327,48,0.14678899082568808,11,11,1.0,fine
up,120_149,0.95_1.00,120,0.7,60,6,0.1,1,1,1.0,fine
up,any,any,120,0.7,4304,3271,0.7599907063197026,4294,4287,0.9983698183511877,side_delay_price
up,120_149,0.00_0.05,150,0.45,4,4,1.0,106,99,0.9339622641509434,fine
up,120_149,0.05_0.10,150,0.45,15,14,0.9333333333333333,246,245,0.9959349593495935,fine
up,120_149,0.10_0.15,150,0.45,61,59,0.9672131147540983,378,377,0.9973544973544973,fine
up,120_149,0.15_0.20,150,0.45,51,49,0.9607843137254902,286,286,1.0,fine
up,120_149,0.20_0.25,150,0.45,88,84,0.9545454545454546,355,355,1.0,fine
up,120_149,0.25_0.30,150,0.45,153,137,0.8954248366013072,440,439,0.9977272727272727,fine
up,120_149,0.30_0.35,150,0.45,165,139,0.8424242424242424,325,325,1.0,fine
up,120_149,0.35_0.40,150,0.45,161,127,0.7888198757763976,251,250,0.9960159362549801,fine
up,120_149,0.40_0.45,150,0.45,225,166,0.7377777777777778,320,319,0.996875,fine
up,120_149,0.45_0.50,150,0.45,272,180,0.6617647058823529,321,321,1.0,fine
up,120_149,0.50_0.55,150,0.45,295,168,0.5694915254237288,293,292,0.9965870307167235,fine
up,120_149,0.55_0.60,150,0.45,369,195,0.5284552845528455,269,268,0.9962825278810409,fine
up,120_149,0.60_0.65,150,0.45,296,110,0.3716216216216216,154,152,0.987012987012987,fine
up,120_149,0.65_0.70,150,0.45,419,151,0.360381861575179,210,210,1.0,fine
up,120_149,0.70_0.75,150,0.45,318,81,0.25471698113207547,110,109,0.990909090909091,fine
up,120_149,0.75_0.80,150,0.45,356,73,0.2050561797752809,103,103,1.0,fine
up,120_149,0.80_0.85,150,0.45,344,64,0.18604651162790697,79,78,0.9873417721518988,fine
up,120_149,0.85_0.90,150,0.45,325,44,0.13538461538461538,36,36,1.0,fine
up,120_149,0.90_0.95,150,0.45,327,20,0.06116207951070336,11,11,1.0,fine
up,120_149,0.95_1.00,150,0.45,60,3,0.05,1,1,1.0,fine
up,any,any,150,0.45,4304,1868,0.4340148698884758,4294,4276,0.9958081043316255,side_delay_price
up,120_149,0.00_0.05,150,0.5,4,4,1.0,106,99,0.9339622641509434,fine
up,120_149,0.05_0.10,150,0.5,15,14,0.9333333333333333,246,245,0.9959349593495935,fine
up,120_149,0.10_0.15,150,0.5,61,59,0.9672131147540983,378,377,0.9973544973544973,fine
up,120_149,0.15_0.20,150,0.5,51,50,0.9803921568627451,286,286,1.0,fine
up,120_149,0.20_0.25,150,0.5,88,85,0.9659090909090909,355,355,1.0,fine
up,120_149,0.25_0.30,150,0.5,153,140,0.9150326797385621,440,439,0.9977272727272727,fine
up,120_149,0.30_0.35,150,0.5,165,149,0.9030303030303031,325,325,1.0,fine
up,120_149,0.35_0.40,150,0.5,161,136,0.84472049689441,251,250,0.9960159362549801,fine
up,120_149,0.40_0.45,150,0.5,225,184,0.8177777777777778,320,319,0.996875,fine
up,120_149,0.45_0.50,150,0.5,272,203,0.7463235294117647,321,321,1.0,fine
up,120_149,0.50_0.55,150,0.5,295,197,0.6677966101694915,293,292,0.9965870307167235,fine
up,120_149,0.55_0.60,150,0.5,369,212,0.5745257452574526,269,269,1.0,fine
up,120_149,0.60_0.65,150,0.5,296,133,0.44932432432432434,154,153,0.9935064935064936,fine
up,120_149,0.65_0.70,150,0.5,419,183,0.43675417661097854,210,210,1.0,fine
up,120_149,0.70_0.75,150,0.5,318,92,0.2893081761006289,110,109,0.990909090909091,fine
up,120_149,0.75_0.80,150,0.5,356,87,0.2443820224719101,103,103,1.0,fine
up,120_149,0.80_0.85,150,0.5,344,76,0.22093023255813954,79,78,0.9873417721518988,fine
up,120_149,0.85_0.90,150,0.5,325,50,0.15384615384615385,36,36,1.0,fine
up,120_149,0.90_0.95,150,0.5,327,23,0.07033639143730887,11,11,1.0,fine
up,120_149,0.95_1.00,150,0.5,60,4,0.06666666666666667,1,1,1.0,fine
up,any,any,150,0.5,4304,2081,0.48350371747211895,4294,4278,0.9962738705170004,side_delay_price
up,120_149,0.00_0.05,150,0.55,4,4,1.0,106,99,0.9339622641509434,fine
up,120_149,0.05_0.10,150,0.55,15,14,0.9333333333333333,246,245,0.9959349593495935,fine
up,120_149,0.10_0.15,150,0.55,61,59,0.9672131147540983,378,377,0.9973544973544973,fine
up,120_149,0.15_0.20,150,0.55,51,50,0.9803921568627451,286,286,1.0,fine
up,120_149,0.20_0.25,150,0.55,88,85,0.9659090909090909,355,355,1.0,fine
up,120_149,0.25_0.30,150,0.55,153,145,0.9477124183006536,440,439,0.9977272727272727,fine
up,120_149,0.30_0.35,150,0.55,165,155,0.9393939393939394,325,325,1.0,fine
up,120_149,0.35_0.40,150,0.55,161,141,0.8757763975155279,251,250,0.9960159362549801,fine
up,120_149,0.40_0.45,150,0.55,225,196,0.8711111111111111,320,320,1.0,fine
up,120_149,0.45_0.50,150,0.55,272,220,0.8088235294117647,321,321,1.0,fine
up,120_149,0.50_0.55,150,0.55,295,220,0.7457627118644068,293,292,0.9965870307167235,fine
up,120_149,0.55_0.60,150,0.55,369,244,0.6612466124661247,269,269,1.0,fine
up,120_149,0.60_0.65,150,0.55,296,160,0.5405405405405406,154,154,1.0,fine
up,120_149,0.65_0.70,150,0.55,419,212,0.5059665871121718,210,210,1.0,fine
up,120_149,0.70_0.75,150,0.55,318,113,0.3553459119496855,110,109,0.990909090909091,fine
up,120_149,0.75_0.80,150,0.55,356,106,0.29775280898876405,103,103,1.0,fine
up,120_149,0.80_0.85,150,0.55,344,90,0.2616279069767442,79,78,0.9873417721518988,fine
up,120_149,0.85_0.90,150,0.55,325,56,0.1723076923076923,36,36,1.0,fine
up,120_149,0.90_0.95,150,0.55,327,30,0.09174311926605505,11,11,1.0,fine
up,120_149,0.95_1.00,150,0.55,60,4,0.06666666666666667,1,1,1.0,fine
up,any,any,150,0.55,4304,2304,0.5353159851301115,4294,4280,0.9967396367023754,side_delay_price
up,120_149,0.00_0.05,150,0.6,4,4,1.0,106,99,0.9339622641509434,fine
up,120_149,0.05_0.10,150,0.6,15,14,0.9333333333333333,246,245,0.9959349593495935,fine
up,120_149,0.10_0.15,150,0.6,61,60,0.9836065573770492,378,377,0.9973544973544973,fine
up,120_149,0.15_0.20,150,0.6,51,50,0.9803921568627451,286,286,1.0,fine
up,120_149,0.20_0.25,150,0.6,88,86,0.9772727272727273,355,355,1.0,fine
up,120_149,0.25_0.30,150,0.6,153,148,0.9673202614379085,440,439,0.9977272727272727,fine
up,120_149,0.30_0.35,150,0.6,165,158,0.9575757575757575,325,325,1.0,fine
up,120_149,0.35_0.40,150,0.6,161,145,0.9006211180124224,251,250,0.9960159362549801,fine
up,120_149,0.40_0.45,150,0.6,225,206,0.9155555555555556,320,320,1.0,fine
up,120_149,0.45_0.50,150,0.6,272,239,0.8786764705882353,321,321,1.0,fine
up,120_149,0.50_0.55,150,0.6,295,238,0.8067796610169492,293,292,0.9965870307167235,fine
up,120_149,0.55_0.60,150,0.6,369,280,0.7588075880758808,269,269,1.0,fine
up,120_149,0.60_0.65,150,0.6,296,179,0.6047297297297297,154,154,1.0,fine
up,120_149,0.65_0.70,150,0.6,419,240,0.5727923627684964,210,210,1.0,fine
up,120_149,0.70_0.75,150,0.6,318,133,0.41823899371069184,110,109,0.990909090909091,fine
up,120_149,0.75_0.80,150,0.6,356,119,0.3342696629213483,103,103,1.0,fine
up,120_149,0.80_0.85,150,0.6,344,99,0.2877906976744186,79,78,0.9873417721518988,fine
up,120_149,0.85_0.90,150,0.6,325,68,0.20923076923076922,36,36,1.0,fine
up,120_149,0.90_0.95,150,0.6,327,37,0.11314984709480122,11,11,1.0,fine
up,120_149,0.95_1.00,150,0.6,60,4,0.06666666666666667,1,1,1.0,fine
up,any,any,150,0.6,4304,2507,0.5824814126394052,4294,4280,0.9967396367023754,side_delay_price
up,120_149,0.00_0.05,150,0.65,4,4,1.0,106,99,0.9339622641509434,fine
up,120_149,0.05_0.10,150,0.65,15,14,0.9333333333333333,246,245,0.9959349593495935,fine
up,120_149,0.10_0.15,150,0.65,61,61,1.0,378,377,0.9973544973544973,fine
up,120_149,0.15_0.20,150,0.65,51,51,1.0,286,286,1.0,fine
up,120_149,0.20_0.25,150,0.65,88,87,0.9886363636363636,355,355,1.0,fine
up,120_149,0.25_0.30,150,0.65,153,152,0.9934640522875817,440,439,0.9977272727272727,fine
up,120_149,0.30_0.35,150,0.65,165,161,0.9757575757575757,325,325,1.0,fine
up,120_149,0.35_0.40,150,0.65,161,151,0.937888198757764,251,250,0.9960159362549801,fine
up,120_149,0.40_0.45,150,0.65,225,215,0.9555555555555556,320,320,1.0,fine
up,120_149,0.45_0.50,150,0.65,272,254,0.9338235294117647,321,321,1.0,fine
up,120_149,0.50_0.55,150,0.65,295,259,0.8779661016949153,293,292,0.9965870307167235,fine
up,120_149,0.55_0.60,150,0.65,369,304,0.8238482384823849,269,269,1.0,fine
up,120_149,0.60_0.65,150,0.65,296,219,0.7398648648648649,154,154,1.0,fine
up,120_149,0.65_0.70,150,0.65,419,266,0.6348448687350835,210,210,1.0,fine
up,120_149,0.70_0.75,150,0.65,318,157,0.4937106918238994,110,109,0.990909090909091,fine
up,120_149,0.75_0.80,150,0.65,356,142,0.398876404494382,103,103,1.0,fine
up,120_149,0.80_0.85,150,0.65,344,113,0.32848837209302323,79,78,0.9873417721518988,fine
up,120_149,0.85_0.90,150,0.65,325,80,0.24615384615384617,36,36,1.0,fine
up,120_149,0.90_0.95,150,0.65,327,42,0.12844036697247707,11,11,1.0,fine
up,120_149,0.95_1.00,150,0.65,60,4,0.06666666666666667,1,1,1.0,fine
up,any,any,150,0.65,4304,2736,0.6356877323420075,4294,4280,0.9967396367023754,side_delay_price
up,120_149,0.00_0.05,150,0.7,4,4,1.0,106,99,0.9339622641509434,fine
up,120_149,0.05_0.10,150,0.7,15,14,0.9333333333333333,246,245,0.9959349593495935,fine
up,120_149,0.10_0.15,150,0.7,61,61,1.0,378,377,0.9973544973544973,fine
up,120_149,0.15_0.20,150,0.7,51,51,1.0,286,286,1.0,fine
up,120_149,0.20_0.25,150,0.7,88,88,1.0,355,355,1.0,fine
up,120_149,0.25_0.30,150,0.7,153,152,0.9934640522875817,440,439,0.9977272727272727,fine
up,120_149,0.30_0.35,150,0.7,165,164,0.9939393939393939,325,325,1.0,fine
up,120_149,0.35_0.40,150,0.7,161,154,0.9565217391304348,251,250,0.9960159362549801,fine
up,120_149,0.40_0.45,150,0.7,225,222,0.9866666666666667,320,320,1.0,fine
up,120_149,0.45_0.50,150,0.7,272,264,0.9705882352941176,321,321,1.0,fine
up,120_149,0.50_0.55,150,0.7,295,273,0.9254237288135593,293,292,0.9965870307167235,fine
up,120_149,0.55_0.60,150,0.7,369,326,0.8834688346883469,269,269,1.0,fine
up,120_149,0.60_0.65,150,0.7,296,245,0.8277027027027027,154,154,1.0,fine
up,120_149,0.65_0.70,150,0.7,419,315,0.7517899761336515,210,210,1.0,fine
up,120_149,0.70_0.75,150,0.7,318,192,0.6037735849056604,110,109,0.990909090909091,fine
up,120_149,0.75_0.80,150,0.7,356,165,0.46348314606741575,103,103,1.0,fine
up,120_149,0.80_0.85,150,0.7,344,136,0.3953488372093023,79,78,0.9873417721518988,fine
up,120_149,0.85_0.90,150,0.7,325,92,0.28307692307692306,36,36,1.0,fine
up,120_149,0.90_0.95,150,0.7,327,47,0.1437308868501529,11,11,1.0,fine
up,120_149,0.95_1.00,150,0.7,60,6,0.1,1,1,1.0,fine
up,any,any,150,0.7,4304,2971,0.6902881040892194,4294,4280,0.9967396367023754,side_delay_price
up,120_149,0.00_0.05,180,0.45,4,4,1.0,106,90,0.8490566037735849,fine
up,120_149,0.05_0.10,180,0.45,15,14,0.9333333333333333,246,232,0.943089430894309,fine
up,120_149,0.10_0.15,180,0.45,61,55,0.9016393442622951,378,373,0.9867724867724867,fine
up,120_149,0.15_0.20,180,0.45,51,44,0.8627450980392157,286,286,1.0,fine
up,120_149,0.20_0.25,180,0.45,88,77,0.875,355,355,1.0,fine
up,120_149,0.25_0.30,180,0.45,153,124,0.8104575163398693,440,439,0.9977272727272727,fine
up,120_149,0.30_0.35,180,0.45,165,123,0.7454545454545455,325,325,1.0,fine
up,120_149,0.35_0.40,180,0.45,161,105,0.6521739130434783,251,250,0.9960159362549801,fine
up,120_149,0.40_0.45,180,0.45,225,142,0.6311111111111111,320,318,0.99375,fine
up,120_149,0.45_0.50,180,0.45,272,158,0.5808823529411765,321,321,1.0,fine
up,120_149,0.50_0.55,180,0.45,295,147,0.49830508474576274,293,292,0.9965870307167235,fine
up,120_149,0.55_0.60,180,0.45,369,168,0.45528455284552843,269,268,0.9962825278810409,fine
up,120_149,0.60_0.65,180,0.45,296,99,0.3344594594594595,154,151,0.9805194805194806,fine
up,120_149,0.65_0.70,180,0.45,419,134,0.3198090692124105,210,210,1.0,fine
up,120_149,0.70_0.75,180,0.45,318,75,0.2358490566037736,110,109,0.990909090909091,fine
up,120_149,0.75_0.80,180,0.45,356,71,0.199438202247191,103,103,1.0,fine
up,120_149,0.80_0.85,180,0.45,344,62,0.18023255813953487,79,78,0.9873417721518988,fine
up,120_149,0.85_0.90,180,0.45,325,43,0.13230769230769232,36,36,1.0,fine
up,120_149,0.90_0.95,180,0.45,327,20,0.06116207951070336,11,11,1.0,fine
up,120_149,0.95_1.00,180,0.45,60,3,0.05,1,1,1.0,fine
up,any,any,180,0.45,4304,1668,0.387546468401487,4294,4248,0.9892873777363763,side_delay_price
up,120_149,0.00_0.05,180,0.5,4,4,1.0,106,90,0.8490566037735849,fine
up,120_149,0.05_0.10,180,0.5,15,14,0.9333333333333333,246,232,0.943089430894309,fine
up,120_149,0.10_0.15,180,0.5,61,56,0.9180327868852459,378,373,0.9867724867724867,fine
up,120_149,0.15_0.20,180,0.5,51,46,0.9019607843137255,286,286,1.0,fine
up,120_149,0.20_0.25,180,0.5,88,80,0.9090909090909091,355,355,1.0,fine
up,120_149,0.25_0.30,180,0.5,153,130,0.8496732026143791,440,439,0.9977272727272727,fine
up,120_149,0.30_0.35,180,0.5,165,128,0.7757575757575758,325,325,1.0,fine
up,120_149,0.35_0.40,180,0.5,161,118,0.7329192546583851,251,250,0.9960159362549801,fine
up,120_149,0.40_0.45,180,0.5,225,158,0.7022222222222222,320,319,0.996875,fine
up,120_149,0.45_0.50,180,0.5,272,179,0.6580882352941176,321,321,1.0,fine
up,120_149,0.50_0.55,180,0.5,295,169,0.5728813559322034,293,292,0.9965870307167235,fine
up,120_149,0.55_0.60,180,0.5,369,190,0.5149051490514905,269,269,1.0,fine
up,120_149,0.60_0.65,180,0.5,296,122,0.41216216216216217,154,153,0.9935064935064936,fine
up,120_149,0.65_0.70,180,0.5,419,164,0.3914081145584726,210,210,1.0,fine
up,120_149,0.70_0.75,180,0.5,318,84,0.2641509433962264,110,109,0.990909090909091,fine
up,120_149,0.75_0.80,180,0.5,356,84,0.23595505617977527,103,103,1.0,fine
up,120_149,0.80_0.85,180,0.5,344,73,0.21220930232558138,79,78,0.9873417721518988,fine
up,120_149,0.85_0.90,180,0.5,325,50,0.15384615384615385,36,36,1.0,fine
up,120_149,0.90_0.95,180,0.5,327,22,0.0672782874617737,11,11,1.0,fine
up,120_149,0.95_1.00,180,0.5,60,4,0.06666666666666667,1,1,1.0,fine
up,any,any,180,0.5,4304,1875,0.43564126394052044,4294,4252,0.9902189101071263,side_delay_price
up,120_149,0.00_0.05,180,0.55,4,4,1.0,106,90,0.8490566037735849,fine
up,120_149,0.05_0.10,180,0.55,15,14,0.9333333333333333,246,232,0.943089430894309,fine
up,120_149,0.10_0.15,180,0.55,61,58,0.9508196721311475,378,373,0.9867724867724867,fine
up,120_149,0.15_0.20,180,0.55,51,47,0.9215686274509803,286,286,1.0,fine
up,120_149,0.20_0.25,180,0.55,88,81,0.9204545454545454,355,355,1.0,fine
up,120_149,0.25_0.30,180,0.55,153,136,0.8888888888888888,440,439,0.9977272727272727,fine
up,120_149,0.30_0.35,180,0.55,165,140,0.8484848484848485,325,325,1.0,fine
up,120_149,0.35_0.40,180,0.55,161,129,0.8012422360248447,251,250,0.9960159362549801,fine
up,120_149,0.40_0.45,180,0.55,225,175,0.7777777777777778,320,320,1.0,fine
up,120_149,0.45_0.50,180,0.55,272,194,0.7132352941176471,321,321,1.0,fine
up,120_149,0.50_0.55,180,0.55,295,192,0.6508474576271186,293,292,0.9965870307167235,fine
up,120_149,0.55_0.60,180,0.55,369,209,0.5663956639566395,269,269,1.0,fine
up,120_149,0.60_0.65,180,0.55,296,141,0.47635135135135137,154,154,1.0,fine
up,120_149,0.65_0.70,180,0.55,419,187,0.44630071599045346,210,210,1.0,fine
up,120_149,0.70_0.75,180,0.55,318,101,0.31761006289308175,110,109,0.990909090909091,fine
up,120_149,0.75_0.80,180,0.55,356,96,0.2696629213483146,103,103,1.0,fine
up,120_149,0.80_0.85,180,0.55,344,86,0.25,79,78,0.9873417721518988,fine
up,120_149,0.85_0.90,180,0.55,325,53,0.16307692307692306,36,36,1.0,fine
up,120_149,0.90_0.95,180,0.55,327,28,0.0856269113149847,11,11,1.0,fine
up,120_149,0.95_1.00,180,0.55,60,4,0.06666666666666667,1,1,1.0,fine
up,any,any,180,0.55,4304,2075,0.48210966542750927,4294,4254,0.9906846762925011,side_delay_price
up,120_149,0.00_0.05,180,0.6,4,4,1.0,106,90,0.8490566037735849,fine
up,120_149,0.05_0.10,180,0.6,15,14,0.9333333333333333,246,232,0.943089430894309,fine
up,120_149,0.10_0.15,180,0.6,61,58,0.9508196721311475,378,373,0.9867724867724867,fine
up,120_149,0.15_0.20,180,0.6,51,47,0.9215686274509803,286,286,1.0,fine
up,120_149,0.20_0.25,180,0.6,88,83,0.9431818181818182,355,355,1.0,fine
up,120_149,0.25_0.30,180,0.6,153,139,0.9084967320261438,440,439,0.9977272727272727,fine
up,120_149,0.30_0.35,180,0.6,165,146,0.8848484848484849,325,325,1.0,fine
up,120_149,0.35_0.40,180,0.6,161,134,0.8322981366459627,251,250,0.9960159362549801,fine
up,120_149,0.40_0.45,180,0.6,225,187,0.8311111111111111,320,320,1.0,fine
up,120_149,0.45_0.50,180,0.6,272,208,0.7647058823529411,321,321,1.0,fine
up,120_149,0.50_0.55,180,0.6,295,206,0.6983050847457627,293,292,0.9965870307167235,fine
up,120_149,0.55_0.60,180,0.6,369,239,0.6476964769647696,269,269,1.0,fine
up,120_149,0.60_0.65,180,0.6,296,153,0.5168918918918919,154,154,1.0,fine
up,120_149,0.65_0.70,180,0.6,419,214,0.5107398568019093,210,210,1.0,fine
up,120_149,0.70_0.75,180,0.6,318,118,0.3710691823899371,110,109,0.990909090909091,fine
up,120_149,0.75_0.80,180,0.6,356,107,0.300561797752809,103,103,1.0,fine
up,120_149,0.80_0.85,180,0.6,344,92,0.26744186046511625,79,78,0.9873417721518988,fine
up,120_149,0.85_0.90,180,0.6,325,65,0.2,36,36,1.0,fine
up,120_149,0.90_0.95,180,0.6,327,35,0.10703363914373089,11,11,1.0,fine
up,120_149,0.95_1.00,180,0.6,60,4,0.06666666666666667,1,1,1.0,fine
up,any,any,180,0.6,4304,2253,0.5234665427509294,4294,4254,0.9906846762925011,side_delay_price
up,120_149,0.00_0.05,180,0.65,4,4,1.0,106,90,0.8490566037735849,fine
up,120_149,0.05_0.10,180,0.65,15,14,0.9333333333333333,246,232,0.943089430894309,fine
up,120_149,0.10_0.15,180,0.65,61,58,0.9508196721311475,378,373,0.9867724867724867,fine
up,120_149,0.15_0.20,180,0.65,51,48,0.9411764705882353,286,286,1.0,fine
up,120_149,0.20_0.25,180,0.65,88,83,0.9431818181818182,355,355,1.0,fine
up,120_149,0.25_0.30,180,0.65,153,142,0.9281045751633987,440,439,0.9977272727272727,fine
up,120_149,0.30_0.35,180,0.65,165,151,0.9151515151515152,325,325,1.0,fine
up,120_149,0.35_0.40,180,0.65,161,139,0.8633540372670807,251,250,0.9960159362549801,fine
up,120_149,0.40_0.45,180,0.65,225,198,0.88,320,320,1.0,fine
up,120_149,0.45_0.50,180,0.65,272,224,0.8235294117647058,321,321,1.0,fine
up,120_149,0.50_0.55,180,0.65,295,224,0.7593220338983051,293,292,0.9965870307167235,fine
up,120_149,0.55_0.60,180,0.65,369,256,0.6937669376693767,269,269,1.0,fine
up,120_149,0.60_0.65,180,0.65,296,181,0.6114864864864865,154,154,1.0,fine
up,120_149,0.65_0.70,180,0.65,419,232,0.5536992840095465,210,210,1.0,fine
up,120_149,0.70_0.75,180,0.65,318,134,0.42138364779874216,110,109,0.990909090909091,fine
up,120_149,0.75_0.80,180,0.65,356,123,0.3455056179775281,103,103,1.0,fine
up,120_149,0.80_0.85,180,0.65,344,103,0.29941860465116277,79,78,0.9873417721518988,fine
up,120_149,0.85_0.90,180,0.65,325,73,0.2246153846153846,36,36,1.0,fine
up,120_149,0.90_0.95,180,0.65,327,40,0.12232415902140673,11,11,1.0,fine
up,120_149,0.95_1.00,180,0.65,60,4,0.06666666666666667,1,1,1.0,fine
up,any,any,180,0.65,4304,2431,0.5648234200743495,4294,4254,0.9906846762925011,side_delay_price
up,120_149,0.00_0.05,180,0.7,4,4,1.0,106,90,0.8490566037735849,fine
up,120_149,0.05_0.10,180,0.7,15,14,0.9333333333333333,246,232,0.943089430894309,fine
up,120_149,0.10_0.15,180,0.7,61,59,0.9672131147540983,378,373,0.9867724867724867,fine
up,120_149,0.15_0.20,180,0.7,51,49,0.9607843137254902,286,286,1.0,fine
up,120_149,0.20_0.25,180,0.7,88,86,0.9772727272727273,355,355,1.0,fine
up,120_149,0.25_0.30,180,0.7,153,144,0.9411764705882353,440,439,0.9977272727272727,fine
up,120_149,0.30_0.35,180,0.7,165,153,0.9272727272727272,325,325,1.0,fine
up,120_149,0.35_0.40,180,0.7,161,148,0.9192546583850931,251,250,0.9960159362549801,fine
up,120_149,0.40_0.45,180,0.7,225,201,0.8933333333333333,320,320,1.0,fine
up,120_149,0.45_0.50,180,0.7,272,241,0.8860294117647058,321,321,1.0,fine
up,120_149,0.50_0.55,180,0.7,295,233,0.7898305084745763,293,292,0.9965870307167235,fine
up,120_149,0.55_0.60,180,0.7,369,279,0.7560975609756098,269,269,1.0,fine
up,120_149,0.60_0.65,180,0.7,296,200,0.6756756756756757,154,154,1.0,fine
up,120_149,0.65_0.70,180,0.7,419,270,0.6443914081145584,210,210,1.0,fine
up,120_149,0.70_0.75,180,0.7,318,166,0.5220125786163522,110,109,0.990909090909091,fine
up,120_149,0.75_0.80,180,0.7,356,141,0.3960674157303371,103,103,1.0,fine
up,120_149,0.80_0.85,180,0.7,344,124,0.36046511627906974,79,78,0.9873417721518988,fine
up,120_149,0.85_0.90,180,0.7,325,82,0.2523076923076923,36,36,1.0,fine
up,120_149,0.90_0.95,180,0.7,327,45,0.13761467889908258,11,11,1.0,fine
up,120_149,0.95_1.00,180,0.7,60,6,0.1,1,1,1.0,fine
up,any,any,180,0.7,4304,2645,0.6145446096654275,4294,4254,0.9906846762925011,side_delay_price
up,120_149,0.00_0.05,240,0.45,4,2,0.5,106,63,0.5943396226415094,fine
up,120_149,0.05_0.10,240,0.45,15,13,0.8666666666666667,246,178,0.7235772357723578,fine
up,120_149,0.10_0.15,240,0.45,61,38,0.6229508196721312,378,315,0.8333333333333334,fine
up,120_149,0.15_0.20,240,0.45,51,35,0.6862745098039216,286,258,0.9020979020979021,fine
up,120_149,0.20_0.25,240,0.45,88,50,0.5681818181818182,355,321,0.9042253521126761,fine
up,120_149,0.25_0.30,240,0.45,153,84,0.5490196078431373,440,413,0.9386363636363636,fine
up,120_149,0.30_0.35,240,0.45,165,87,0.5272727272727272,325,313,0.963076923076923,fine
up,120_149,0.35_0.40,240,0.45,161,77,0.4782608695652174,251,241,0.9601593625498008,fine
up,120_149,0.40_0.45,240,0.45,225,104,0.4622222222222222,320,312,0.975,fine
up,120_149,0.45_0.50,240,0.45,272,105,0.3860294117647059,321,313,0.9750778816199377,fine
up,120_149,0.50_0.55,240,0.45,295,111,0.376271186440678,293,281,0.9590443686006825,fine
up,120_149,0.55_0.60,240,0.45,369,138,0.37398373983739835,269,265,0.9851301115241635,fine
up,120_149,0.60_0.65,240,0.45,296,74,0.25,154,147,0.9545454545454546,fine
up,120_149,0.65_0.70,240,0.45,419,107,0.2553699284009546,210,207,0.9857142857142858,fine
up,120_149,0.70_0.75,240,0.45,318,62,0.1949685534591195,110,106,0.9636363636363636,fine
up,120_149,0.75_0.80,240,0.45,356,57,0.1601123595505618,103,102,0.9902912621359223,fine
up,120_149,0.80_0.85,240,0.45,344,52,0.1511627906976744,79,78,0.9873417721518988,fine
up,120_149,0.85_0.90,240,0.45,325,40,0.12307692307692308,36,36,1.0,fine
up,120_149,0.90_0.95,240,0.45,327,17,0.05198776758409786,11,11,1.0,fine
up,120_149,0.95_1.00,240,0.45,60,3,0.05,1,1,1.0,fine
up,any,any,240,0.45,4304,1256,0.29182156133828996,4294,3961,0.9224499301350721,side_delay_price
up,120_149,0.00_0.05,240,0.5,4,2,0.5,106,63,0.5943396226415094,fine
up,120_149,0.05_0.10,240,0.5,15,13,0.8666666666666667,246,178,0.7235772357723578,fine
up,120_149,0.10_0.15,240,0.5,61,40,0.6557377049180327,378,315,0.8333333333333334,fine
up,120_149,0.15_0.20,240,0.5,51,36,0.7058823529411765,286,258,0.9020979020979021,fine
up,120_149,0.20_0.25,240,0.5,88,57,0.6477272727272727,355,321,0.9042253521126761,fine
up,120_149,0.25_0.30,240,0.5,153,91,0.5947712418300654,440,413,0.9386363636363636,fine
up,120_149,0.30_0.35,240,0.5,165,94,0.5696969696969697,325,313,0.963076923076923,fine
up,120_149,0.35_0.40,240,0.5,161,82,0.5093167701863354,251,241,0.9601593625498008,fine
up,120_149,0.40_0.45,240,0.5,225,115,0.5111111111111111,320,312,0.975,fine
up,120_149,0.45_0.50,240,0.5,272,123,0.4522058823529412,321,313,0.9750778816199377,fine
up,120_149,0.50_0.55,240,0.5,295,123,0.41694915254237286,293,281,0.9590443686006825,fine
up,120_149,0.55_0.60,240,0.5,369,153,0.4146341463414634,269,266,0.9888475836431226,fine
up,120_149,0.60_0.65,240,0.5,296,89,0.30067567567567566,154,148,0.961038961038961,fine
up,120_149,0.65_0.70,240,0.5,419,122,0.2911694510739857,210,207,0.9857142857142858,fine
up,120_149,0.70_0.75,240,0.5,318,67,0.21069182389937108,110,106,0.9636363636363636,fine
up,120_149,0.75_0.80,240,0.5,356,66,0.1853932584269663,103,102,0.9902912621359223,fine
up,120_149,0.80_0.85,240,0.5,344,60,0.1744186046511628,79,78,0.9873417721518988,fine
up,120_149,0.85_0.90,240,0.5,325,45,0.13846153846153847,36,36,1.0,fine
up,120_149,0.90_0.95,240,0.5,327,19,0.0581039755351682,11,11,1.0,fine
up,120_149,0.95_1.00,240,0.5,60,4,0.06666666666666667,1,1,1.0,fine
up,any,any,240,0.5,4304,1401,0.32551115241635686,4294,3963,0.9229156963204471,side_delay_price
up,120_149,0.00_0.05,240,0.55,4,2,0.5,106,63,0.5943396226415094,fine
up,120_149,0.05_0.10,240,0.55,15,13,0.8666666666666667,246,178,0.7235772357723578,fine
up,120_149,0.10_0.15,240,0.55,61,43,0.7049180327868853,378,315,0.8333333333333334,fine
up,120_149,0.15_0.20,240,0.55,51,37,0.7254901960784313,286,258,0.9020979020979021,fine
up,120_149,0.20_0.25,240,0.55,88,59,0.6704545454545454,355,321,0.9042253521126761,fine
up,120_149,0.25_0.30,240,0.55,153,99,0.6470588235294118,440,413,0.9386363636363636,fine
up,120_149,0.30_0.35,240,0.55,165,99,0.6,325,313,0.963076923076923,fine
up,120_149,0.35_0.40,240,0.55,161,88,0.546583850931677,251,243,0.9681274900398407,fine
up,120_149,0.40_0.45,240,0.55,225,125,0.5555555555555556,320,314,0.98125,fine
up,120_149,0.45_0.50,240,0.55,272,138,0.5073529411764706,321,313,0.9750778816199377,fine
up,120_149,0.50_0.55,240,0.55,295,136,0.4610169491525424,293,282,0.962457337883959,fine
up,120_149,0.55_0.60,240,0.55,369,171,0.4634146341463415,269,266,0.9888475836431226,fine
up,120_149,0.60_0.65,240,0.55,296,100,0.33783783783783783,154,149,0.9675324675324676,fine
up,120_149,0.65_0.70,240,0.55,419,140,0.3341288782816229,210,207,0.9857142857142858,fine
up,120_149,0.70_0.75,240,0.55,318,76,0.2389937106918239,110,106,0.9636363636363636,fine
up,120_149,0.75_0.80,240,0.55,356,75,0.21067415730337077,103,102,0.9902912621359223,fine
up,120_149,0.80_0.85,240,0.55,344,69,0.2005813953488372,79,78,0.9873417721518988,fine
up,120_149,0.85_0.90,240,0.55,325,47,0.14461538461538462,36,36,1.0,fine
up,120_149,0.90_0.95,240,0.55,327,23,0.07033639143730887,11,11,1.0,fine
up,120_149,0.95_1.00,240,0.55,60,4,0.06666666666666667,1,1,1.0,fine
up,any,any,240,0.55,4304,1544,0.3587360594795539,4294,3969,0.9243129948765719,side_delay_price
up,120_149,0.00_0.05,240,0.6,4,2,0.5,106,63,0.5943396226415094,fine
up,120_149,0.05_0.10,240,0.6,15,13,0.8666666666666667,246,178,0.7235772357723578,fine
up,120_149,0.10_0.15,240,0.6,61,44,0.7213114754098361,378,315,0.8333333333333334,fine
up,120_149,0.15_0.20,240,0.6,51,39,0.7647058823529411,286,258,0.9020979020979021,fine
up,120_149,0.20_0.25,240,0.6,88,61,0.6931818181818182,355,321,0.9042253521126761,fine
up,120_149,0.25_0.30,240,0.6,153,108,0.7058823529411765,440,413,0.9386363636363636,fine
up,120_149,0.30_0.35,240,0.6,165,106,0.6424242424242425,325,314,0.9661538461538461,fine
up,120_149,0.35_0.40,240,0.6,161,91,0.5652173913043478,251,243,0.9681274900398407,fine
up,120_149,0.40_0.45,240,0.6,225,133,0.5911111111111111,320,314,0.98125,fine
up,120_149,0.45_0.50,240,0.6,272,149,0.5477941176470589,321,313,0.9750778816199377,fine
up,120_149,0.50_0.55,240,0.6,295,151,0.511864406779661,293,282,0.962457337883959,fine
up,120_149,0.55_0.60,240,0.6,369,187,0.5067750677506775,269,266,0.9888475836431226,fine
up,120_149,0.60_0.65,240,0.6,296,111,0.375,154,149,0.9675324675324676,fine
up,120_149,0.65_0.70,240,0.6,419,155,0.36992840095465396,210,207,0.9857142857142858,fine
up,120_149,0.70_0.75,240,0.6,318,87,0.27358490566037735,110,106,0.9636363636363636,fine
up,120_149,0.75_0.80,240,0.6,356,80,0.2247191011235955,103,102,0.9902912621359223,fine
up,120_149,0.80_0.85,240,0.6,344,75,0.2180232558139535,79,78,0.9873417721518988,fine
up,120_149,0.85_0.90,240,0.6,325,55,0.16923076923076924,36,36,1.0,fine
up,120_149,0.90_0.95,240,0.6,327,26,0.07951070336391437,11,11,1.0,fine
up,120_149,0.95_1.00,240,0.6,60,4,0.06666666666666667,1,1,1.0,fine
up,any,any,240,0.6,4304,1677,0.3896375464684015,4294,3970,0.9245458779692595,side_delay_price
up,120_149,0.00_0.05,240,0.65,4,2,0.5,106,63,0.5943396226415094,fine
up,120_149,0.05_0.10,240,0.65,15,13,0.8666666666666667,246,178,0.7235772357723578,fine
up,120_149,0.10_0.15,240,0.65,61,44,0.7213114754098361,378,315,0.8333333333333334,fine
up,120_149,0.15_0.20,240,0.65,51,40,0.7843137254901961,286,258,0.9020979020979021,fine
up,120_149,0.20_0.25,240,0.65,88,69,0.7840909090909091,355,321,0.9042253521126761,fine
up,120_149,0.25_0.30,240,0.65,153,115,0.7516339869281046,440,413,0.9386363636363636,fine
up,120_149,0.30_0.35,240,0.65,165,113,0.6848484848484848,325,314,0.9661538461538461,fine
up,120_149,0.35_0.40,240,0.65,161,97,0.6024844720496895,251,243,0.9681274900398407,fine
up,120_149,0.40_0.45,240,0.65,225,144,0.64,320,314,0.98125,fine
up,120_149,0.45_0.50,240,0.65,272,167,0.6139705882352942,321,313,0.9750778816199377,fine
up,120_149,0.50_0.55,240,0.65,295,174,0.5898305084745763,293,282,0.962457337883959,fine
up,120_149,0.55_0.60,240,0.65,369,197,0.5338753387533876,269,266,0.9888475836431226,fine
up,120_149,0.60_0.65,240,0.65,296,122,0.41216216216216217,154,149,0.9675324675324676,fine
up,120_149,0.65_0.70,240,0.65,419,168,0.4009546539379475,210,207,0.9857142857142858,fine
up,120_149,0.70_0.75,240,0.65,318,96,0.3018867924528302,110,106,0.9636363636363636,fine
up,120_149,0.75_0.80,240,0.65,356,90,0.25280898876404495,103,102,0.9902912621359223,fine
up,120_149,0.80_0.85,240,0.65,344,80,0.23255813953488372,79,78,0.9873417721518988,fine
up,120_149,0.85_0.90,240,0.65,325,64,0.19692307692307692,36,36,1.0,fine
up,120_149,0.90_0.95,240,0.65,327,30,0.09174311926605505,11,11,1.0,fine
up,120_149,0.95_1.00,240,0.65,60,4,0.06666666666666667,1,1,1.0,fine
up,any,any,240,0.65,4304,1829,0.424953531598513,4294,3970,0.9245458779692595,side_delay_price
up,120_149,0.00_0.05,240,0.7,4,3,0.75,106,63,0.5943396226415094,fine
up,120_149,0.05_0.10,240,0.7,15,14,0.9333333333333333,246,178,0.7235772357723578,fine
up,120_149,0.10_0.15,240,0.7,61,45,0.7377049180327869,378,315,0.8333333333333334,fine
up,120_149,0.15_0.20,240,0.7,51,44,0.8627450980392157,286,258,0.9020979020979021,fine
up,120_149,0.20_0.25,240,0.7,88,73,0.8295454545454546,355,321,0.9042253521126761,fine
up,120_149,0.25_0.30,240,0.7,153,118,0.7712418300653595,440,413,0.9386363636363636,fine
up,120_149,0.30_0.35,240,0.7,165,120,0.7272727272727273,325,314,0.9661538461538461,fine
up,120_149,0.35_0.40,240,0.7,161,105,0.6521739130434783,251,243,0.9681274900398407,fine
up,120_149,0.40_0.45,240,0.7,225,151,0.6711111111111111,320,314,0.98125,fine
up,120_149,0.45_0.50,240,0.7,272,183,0.6727941176470589,321,313,0.9750778816199377,fine
up,120_149,0.50_0.55,240,0.7,295,185,0.6271186440677966,293,282,0.962457337883959,fine
up,120_149,0.55_0.60,240,0.7,369,213,0.5772357723577236,269,266,0.9888475836431226,fine
up,120_149,0.60_0.65,240,0.7,296,139,0.46959459459459457,154,150,0.974025974025974,fine
up,120_149,0.65_0.70,240,0.7,419,190,0.45346062052505964,210,207,0.9857142857142858,fine
up,120_149,0.70_0.75,240,0.7,318,115,0.36163522012578614,110,106,0.9636363636363636,fine
up,120_149,0.75_0.80,240,0.7,356,103,0.2893258426966292,103,102,0.9902912621359223,fine
up,120_149,0.80_0.85,240,0.7,344,92,0.26744186046511625,79,78,0.9873417721518988,fine
up,120_149,0.85_0.90,240,0.7,325,68,0.20923076923076922,36,36,1.0,fine
up,120_149,0.90_0.95,240,0.7,327,33,0.10091743119266056,11,11,1.0,fine
up,120_149,0.95_1.00,240,0.7,60,5,0.08333333333333333,1,1,1.0,fine
up,any,any,240,0.7,4304,1999,0.46445167286245354,4294,3971,0.9247787610619469,side_delay_price
down,120_149,0.00_0.05,120,0.45,3,3,1.0,100,98,0.98,fine
down,120_149,0.05_0.10,120,0.45,11,11,1.0,289,289,1.0,fine
down,120_149,0.10_0.15,120,0.45,44,44,1.0,396,396,1.0,fine
down,120_149,0.15_0.20,120,0.45,74,74,1.0,283,283,1.0,fine
down,120_149,0.20_0.25,120,0.45,95,95,1.0,365,365,1.0,fine
down,120_149,0.25_0.30,120,0.45,180,178,0.9888888888888889,451,451,1.0,fine
down,120_149,0.30_0.35,120,0.45,183,182,0.994535519125683,362,362,1.0,fine
down,120_149,0.35_0.40,120,0.45,158,154,0.9746835443037974,277,277,1.0,fine
down,120_149,0.40_0.45,120,0.45,239,233,0.9748953974895398,334,333,0.9970059880239521,fine
down,120_149,0.45_0.50,120,0.45,275,211,0.7672727272727272,259,258,0.9961389961389961,fine
down,120_149,0.50_0.55,120,0.45,342,219,0.6403508771929824,265,263,0.9924528301886792,fine
down,120_149,0.55_0.60,120,0.45,379,179,0.47229551451187335,292,291,0.9965753424657534,fine
down,120_149,0.60_0.65,120,0.45,265,106,0.4,146,146,1.0,fine
down,120_149,0.65_0.70,120,0.45,386,131,0.3393782383419689,171,170,0.9941520467836257,fine
down,120_149,0.70_0.75,120,0.45,306,88,0.2875816993464052,100,98,0.98,fine
down,120_149,0.75_0.80,120,0.45,331,67,0.20241691842900303,94,93,0.9893617021276596,fine
down,120_149,0.80_0.85,120,0.45,355,63,0.17746478873239438,54,54,1.0,fine
down,120_149,0.85_0.90,120,0.45,320,35,0.109375,45,45,1.0,fine
down,120_149,0.90_0.95,120,0.45,281,16,0.05693950177935943,18,18,1.0,fine
down,120_149,0.95_1.00,120,0.45,67,4,0.05970149253731343,3,3,1.0,fine
down,any,any,120,0.45,4294,2093,0.4874243129948766,4304,4293,0.9974442379182156,side_delay_price
down,120_149,0.00_0.05,120,0.5,3,3,1.0,100,98,0.98,fine
down,120_149,0.05_0.10,120,0.5,11,11,1.0,289,289,1.0,fine
down,120_149,0.10_0.15,120,0.5,44,44,1.0,396,396,1.0,fine
down,120_149,0.15_0.20,120,0.5,74,74,1.0,283,283,1.0,fine
down,120_149,0.20_0.25,120,0.5,95,95,1.0,365,365,1.0,fine
down,120_149,0.25_0.30,120,0.5,180,179,0.9944444444444445,451,451,1.0,fine
down,120_149,0.30_0.35,120,0.5,183,182,0.994535519125683,362,362,1.0,fine
down,120_149,0.35_0.40,120,0.5,158,156,0.9873417721518988,277,277,1.0,fine
down,120_149,0.40_0.45,120,0.5,239,235,0.9832635983263598,334,334,1.0,fine
down,120_149,0.45_0.50,120,0.5,275,257,0.9345454545454546,259,258,0.9961389961389961,fine
down,120_149,0.50_0.55,120,0.5,342,263,0.7690058479532164,265,263,0.9924528301886792,fine
down,120_149,0.55_0.60,120,0.5,379,223,0.5883905013192612,292,292,1.0,fine
down,120_149,0.60_0.65,120,0.5,265,133,0.5018867924528302,146,146,1.0,fine
down,120_149,0.65_0.70,120,0.5,386,159,0.4119170984455959,171,171,1.0,fine
down,120_149,0.70_0.75,120,0.5,306,106,0.3464052287581699,100,98,0.98,fine
down,120_149,0.75_0.80,120,0.5,331,86,0.2598187311178248,94,94,1.0,fine
down,120_149,0.80_0.85,120,0.5,355,75,0.2112676056338028,54,54,1.0,fine
down,120_149,0.85_0.90,120,0.5,320,45,0.140625,45,45,1.0,fine
down,120_149,0.90_0.95,120,0.5,281,20,0.0711743772241993,18,18,1.0,fine
down,120_149,0.95_1.00,120,0.5,67,4,0.05970149253731343,3,3,1.0,fine
down,any,any,120,0.5,4294,2350,0.5472752678155566,4304,4297,0.9983736059479554,side_delay_price
down,120_149,0.00_0.05,120,0.55,3,3,1.0,100,98,0.98,fine
down,120_149,0.05_0.10,120,0.55,11,11,1.0,289,289,1.0,fine
down,120_149,0.10_0.15,120,0.55,44,44,1.0,396,396,1.0,fine
down,120_149,0.15_0.20,120,0.55,74,74,1.0,283,283,1.0,fine
down,120_149,0.20_0.25,120,0.55,95,95,1.0,365,365,1.0,fine
down,120_149,0.25_0.30,120,0.55,180,180,1.0,451,451,1.0,fine
down,120_149,0.30_0.35,120,0.55,183,182,0.994535519125683,362,362,1.0,fine
down,120_149,0.35_0.40,120,0.55,158,158,1.0,277,277,1.0,fine
down,120_149,0.40_0.45,120,0.55,239,237,0.9916317991631799,334,334,1.0,fine
down,120_149,0.45_0.50,120,0.55,275,269,0.9781818181818182,259,258,0.9961389961389961,fine
down,120_149,0.50_0.55,120,0.55,342,314,0.9181286549707602,265,263,0.9924528301886792,fine
down,120_149,0.55_0.60,120,0.55,379,287,0.7572559366754618,292,292,1.0,fine
down,120_149,0.60_0.65,120,0.55,265,154,0.5811320754716981,146,146,1.0,fine
down,120_149,0.65_0.70,120,0.55,386,202,0.5233160621761658,171,171,1.0,fine
down,120_149,0.70_0.75,120,0.55,306,122,0.39869281045751637,100,100,1.0,fine
down,120_149,0.75_0.80,120,0.55,331,101,0.30513595166163143,94,94,1.0,fine
down,120_149,0.80_0.85,120,0.55,355,90,0.2535211267605634,54,54,1.0,fine
down,120_149,0.85_0.90,120,0.55,320,55,0.171875,45,45,1.0,fine
down,120_149,0.90_0.95,120,0.55,281,28,0.099644128113879,18,18,1.0,fine
down,120_149,0.95_1.00,120,0.55,67,5,0.07462686567164178,3,3,1.0,fine
down,any,any,120,0.55,4294,2611,0.6080577550069864,4304,4299,0.9988382899628253,side_delay_price
down,120_149,0.00_0.05,120,0.6,3,3,1.0,100,98,0.98,fine
down,120_149,0.05_0.10,120,0.6,11,11,1.0,289,289,1.0,fine
down,120_149,0.10_0.15,120,0.6,44,44,1.0,396,396,1.0,fine
down,120_149,0.15_0.20,120,0.6,74,74,1.0,283,283,1.0,fine
down,120_149,0.20_0.25,120,0.6,95,95,1.0,365,365,1.0,fine
down,120_149,0.25_0.30,120,0.6,180,180,1.0,451,451,1.0,fine
down,120_149,0.30_0.35,120,0.6,183,182,0.994535519125683,362,362,1.0,fine
down,120_149,0.35_0.40,120,0.6,158,158,1.0,277,277,1.0,fine
down,120_149,0.40_0.45,120,0.6,239,238,0.99581589958159,334,334,1.0,fine
down,120_149,0.45_0.50,120,0.6,275,274,0.9963636363636363,259,258,0.9961389961389961,fine
down,120_149,0.50_0.55,120,0.6,342,322,0.9415204678362573,265,263,0.9924528301886792,fine
down,120_149,0.55_0.60,120,0.6,379,348,0.9182058047493403,292,292,1.0,fine
down,120_149,0.60_0.65,120,0.6,265,185,0.6981132075471698,146,146,1.0,fine
down,120_149,0.65_0.70,120,0.6,386,230,0.5958549222797928,171,171,1.0,fine
down,120_149,0.70_0.75,120,0.6,306,151,0.4934640522875817,100,100,1.0,fine
down,120_149,0.75_0.80,120,0.6,331,121,0.36555891238670696,94,94,1.0,fine
down,120_149,0.80_0.85,120,0.6,355,113,0.3183098591549296,54,54,1.0,fine
down,120_149,0.85_0.90,120,0.6,320,66,0.20625,45,45,1.0,fine
down,120_149,0.90_0.95,120,0.6,281,34,0.12099644128113879,18,18,1.0,fine
down,120_149,0.95_1.00,120,0.6,67,5,0.07462686567164178,3,3,1.0,fine
down,any,any,120,0.6,4294,2834,0.6599906846762925,4304,4299,0.9988382899628253,side_delay_price
down,120_149,0.00_0.05,120,0.65,3,3,1.0,100,98,0.98,fine
down,120_149,0.05_0.10,120,0.65,11,11,1.0,289,289,1.0,fine
down,120_149,0.10_0.15,120,0.65,44,44,1.0,396,396,1.0,fine
down,120_149,0.15_0.20,120,0.65,74,74,1.0,283,283,1.0,fine
down,120_149,0.20_0.25,120,0.65,95,95,1.0,365,365,1.0,fine
down,120_149,0.25_0.30,120,0.65,180,180,1.0,451,451,1.0,fine
down,120_149,0.30_0.35,120,0.65,183,182,0.994535519125683,362,362,1.0,fine
down,120_149,0.35_0.40,120,0.65,158,158,1.0,277,277,1.0,fine
down,120_149,0.40_0.45,120,0.65,239,239,1.0,334,334,1.0,fine
down,120_149,0.45_0.50,120,0.65,275,275,1.0,259,258,0.9961389961389961,fine
down,120_149,0.50_0.55,120,0.65,342,331,0.9678362573099415,265,263,0.9924528301886792,fine
down,120_149,0.55_0.60,120,0.65,379,366,0.9656992084432717,292,292,1.0,fine
down,120_149,0.60_0.65,120,0.65,265,246,0.9283018867924528,146,146,1.0,fine
down,120_149,0.65_0.70,120,0.65,386,296,0.7668393782383419,171,171,1.0,fine
down,120_149,0.70_0.75,120,0.65,306,175,0.5718954248366013,100,100,1.0,fine
down,120_149,0.75_0.80,120,0.65,331,145,0.4380664652567976,94,94,1.0,fine
down,120_149,0.80_0.85,120,0.65,355,142,0.4,54,54,1.0,fine
down,120_149,0.85_0.90,120,0.65,320,76,0.2375,45,45,1.0,fine
down,120_149,0.90_0.95,120,0.65,281,39,0.1387900355871886,18,18,1.0,fine
down,120_149,0.95_1.00,120,0.65,67,5,0.07462686567164178,3,3,1.0,fine
down,any,any,120,0.65,4294,3082,0.7177456916627852,4304,4299,0.9988382899628253,side_delay_price
down,120_149,0.00_0.05,120,0.7,3,3,1.0,100,98,0.98,fine
down,120_149,0.05_0.10,120,0.7,11,11,1.0,289,289,1.0,fine
down,120_149,0.10_0.15,120,0.7,44,44,1.0,396,396,1.0,fine
down,120_149,0.15_0.20,120,0.7,74,74,1.0,283,283,1.0,fine
down,120_149,0.20_0.25,120,0.7,95,95,1.0,365,365,1.0,fine
down,120_149,0.25_0.30,120,0.7,180,180,1.0,451,451,1.0,fine
down,120_149,0.30_0.35,120,0.7,183,182,0.994535519125683,362,362,1.0,fine
down,120_149,0.35_0.40,120,0.7,158,158,1.0,277,277,1.0,fine
down,120_149,0.40_0.45,120,0.7,239,239,1.0,334,334,1.0,fine
down,120_149,0.45_0.50,120,0.7,275,275,1.0,259,258,0.9961389961389961,fine
down,120_149,0.50_0.55,120,0.7,342,337,0.9853801169590644,265,263,0.9924528301886792,fine
down,120_149,0.55_0.60,120,0.7,379,376,0.9920844327176781,292,292,1.0,fine
down,120_149,0.60_0.65,120,0.7,265,258,0.9735849056603774,146,146,1.0,fine
down,120_149,0.65_0.70,120,0.7,386,363,0.9404145077720207,171,171,1.0,fine
down,120_149,0.70_0.75,120,0.7,306,211,0.6895424836601307,100,100,1.0,fine
down,120_149,0.75_0.80,120,0.7,331,185,0.5589123867069486,94,94,1.0,fine
down,120_149,0.80_0.85,120,0.7,355,176,0.49577464788732395,54,54,1.0,fine
down,120_149,0.85_0.90,120,0.7,320,99,0.309375,45,45,1.0,fine
down,120_149,0.90_0.95,120,0.7,281,44,0.15658362989323843,18,18,1.0,fine
down,120_149,0.95_1.00,120,0.7,67,6,0.08955223880597014,3,3,1.0,fine
down,any,any,120,0.7,4294,3316,0.7722403353516535,4304,4299,0.9988382899628253,side_delay_price
down,120_149,0.00_0.05,150,0.45,3,3,1.0,100,90,0.9,fine
down,120_149,0.05_0.10,150,0.45,11,11,1.0,289,287,0.9930795847750865,fine
down,120_149,0.10_0.15,150,0.45,44,41,0.9318181818181818,396,395,0.9974747474747475,fine
down,120_149,0.15_0.20,150,0.45,74,73,0.9864864864864865,283,283,1.0,fine
down,120_149,0.20_0.25,150,0.45,95,86,0.9052631578947369,365,365,1.0,fine
down,120_149,0.25_0.30,150,0.45,180,164,0.9111111111111111,451,451,1.0,fine
down,120_149,0.30_0.35,150,0.45,183,153,0.8360655737704918,362,362,1.0,fine
down,120_149,0.35_0.40,150,0.45,158,121,0.7658227848101266,277,277,1.0,fine
down,120_149,0.40_0.45,150,0.45,239,174,0.7280334728033473,334,333,0.9970059880239521,fine
down,120_149,0.45_0.50,150,0.45,275,174,0.6327272727272727,259,257,0.9922779922779923,fine
down,120_149,0.50_0.55,150,0.45,342,200,0.5847953216374269,265,263,0.9924528301886792,fine
down,120_149,0.55_0.60,150,0.45,379,165,0.43535620052770446,292,291,0.9965753424657534,fine
down,120_149,0.60_0.65,150,0.45,265,102,0.3849056603773585,146,146,1.0,fine
down,120_149,0.65_0.70,150,0.45,386,129,0.33419689119170987,171,170,0.9941520467836257,fine
down,120_149,0.70_0.75,150,0.45,306,88,0.2875816993464052,100,98,0.98,fine
down,120_149,0.75_0.80,150,0.45,331,66,0.19939577039274925,94,93,0.9893617021276596,fine
down,120_149,0.80_0.85,150,0.45,355,62,0.17464788732394365,54,54,1.0,fine
down,120_149,0.85_0.90,150,0.45,320,35,0.109375,45,45,1.0,fine
down,120_149,0.90_0.95,150,0.45,281,16,0.05693950177935943,18,18,1.0,fine
down,120_149,0.95_1.00,150,0.45,67,4,0.05970149253731343,3,3,1.0,fine
down,any,any,150,0.45,4294,1867,0.4347927340475082,4304,4281,0.9946561338289963,side_delay_price
down,120_149,0.00_0.05,150,0.5,3,3,1.0,100,90,0.9,fine
down,120_149,0.05_0.10,150,0.5,11,11,1.0,289,287,0.9930795847750865,fine
down,120_149,0.10_0.15,150,0.5,44,41,0.9318181818181818,396,395,0.9974747474747475,fine
down,120_149,0.15_0.20,150,0.5,74,74,1.0,283,283,1.0,fine
down,120_149,0.20_0.25,150,0.5,95,91,0.9578947368421052,365,365,1.0,fine
down,120_149,0.25_0.30,150,0.5,180,170,0.9444444444444444,451,451,1.0,fine
down,120_149,0.30_0.35,150,0.5,183,160,0.8743169398907104,362,362,1.0,fine
down,120_149,0.35_0.40,150,0.5,158,131,0.8291139240506329,277,277,1.0,fine
down,120_149,0.40_0.45,150,0.5,239,193,0.8075313807531381,334,333,0.9970059880239521,fine
down,120_149,0.45_0.50,150,0.5,275,196,0.7127272727272728,259,257,0.9922779922779923,fine
down,120_149,0.50_0.55,150,0.5,342,236,0.6900584795321637,265,263,0.9924528301886792,fine
down,120_149,0.55_0.60,150,0.5,379,195,0.5145118733509235,292,292,1.0,fine
down,120_149,0.60_0.65,150,0.5,265,123,0.4641509433962264,146,146,1.0,fine
down,120_149,0.65_0.70,150,0.5,386,154,0.39896373056994816,171,171,1.0,fine
down,120_149,0.70_0.75,150,0.5,306,104,0.33986928104575165,100,98,0.98,fine
down,120_149,0.75_0.80,150,0.5,331,83,0.25075528700906347,94,94,1.0,fine
down,120_149,0.80_0.85,150,0.5,355,74,0.2084507042253521,54,54,1.0,fine
down,120_149,0.85_0.90,150,0.5,320,44,0.1375,45,45,1.0,fine
down,120_149,0.90_0.95,150,0.5,281,20,0.0711743772241993,18,18,1.0,fine
down,120_149,0.95_1.00,150,0.5,67,4,0.05970149253731343,3,3,1.0,fine
down,any,any,150,0.5,4294,2107,0.4906846762925012,4304,4284,0.9953531598513011,side_delay_price
down,120_149,0.00_0.05,150,0.55,3,3,1.0,100,90,0.9,fine
down,120_149,0.05_0.10,150,0.55,11,11,1.0,289,287,0.9930795847750865,fine
down,120_149,0.10_0.15,150,0.55,44,41,0.9318181818181818,396,395,0.9974747474747475,fine
down,120_149,0.15_0.20,150,0.55,74,74,1.0,283,283,1.0,fine
down,120_149,0.20_0.25,150,0.55,95,92,0.968421052631579,365,365,1.0,fine
down,120_149,0.25_0.30,150,0.55,180,173,0.9611111111111111,451,451,1.0,fine
down,120_149,0.30_0.35,150,0.55,183,170,0.9289617486338798,362,362,1.0,fine
down,120_149,0.35_0.40,150,0.55,158,141,0.8924050632911392,277,277,1.0,fine
down,120_149,0.40_0.45,150,0.55,239,209,0.8744769874476988,334,333,0.9970059880239521,fine
down,120_149,0.45_0.50,150,0.55,275,216,0.7854545454545454,259,257,0.9922779922779923,fine
down,120_149,0.50_0.55,150,0.55,342,255,0.7456140350877193,265,263,0.9924528301886792,fine
down,120_149,0.55_0.60,150,0.55,379,227,0.5989445910290238,292,292,1.0,fine
down,120_149,0.60_0.65,150,0.55,265,134,0.5056603773584906,146,146,1.0,fine
down,120_149,0.65_0.70,150,0.55,386,188,0.48704663212435234,171,171,1.0,fine
down,120_149,0.70_0.75,150,0.55,306,117,0.38235294117647056,100,100,1.0,fine
down,120_149,0.75_0.80,150,0.55,331,97,0.2930513595166163,94,94,1.0,fine
down,120_149,0.80_0.85,150,0.55,355,88,0.24788732394366197,54,54,1.0,fine
down,120_149,0.85_0.90,150,0.55,320,53,0.165625,45,45,1.0,fine
down,120_149,0.90_0.95,150,0.55,281,27,0.09608540925266904,18,18,1.0,fine
down,120_149,0.95_1.00,150,0.55,67,5,0.07462686567164178,3,3,1.0,fine
down,any,any,150,0.55,4294,2321,0.54052165812762,4304,4286,0.995817843866171,side_delay_price
down,120_149,0.00_0.05,150,0.6,3,3,1.0,100,90,0.9,fine
down,120_149,0.05_0.10,150,0.6,11,11,1.0,289,287,0.9930795847750865,fine
down,120_149,0.10_0.15,150,0.6,44,42,0.9545454545454546,396,395,0.9974747474747475,fine
down,120_149,0.15_0.20,150,0.6,74,74,1.0,283,283,1.0,fine
down,120_149,0.20_0.25,150,0.6,95,94,0.9894736842105263,365,365,1.0,fine
down,120_149,0.25_0.30,150,0.6,180,176,0.9777777777777777,451,451,1.0,fine
down,120_149,0.30_0.35,150,0.6,183,173,0.9453551912568307,362,362,1.0,fine
down,120_149,0.35_0.40,150,0.6,158,148,0.9367088607594937,277,277,1.0,fine
down,120_149,0.40_0.45,150,0.6,239,221,0.9246861924686193,334,333,0.9970059880239521,fine
down,120_149,0.45_0.50,150,0.6,275,232,0.8436363636363636,259,257,0.9922779922779923,fine
down,120_149,0.50_0.55,150,0.6,342,275,0.804093567251462,265,263,0.9924528301886792,fine
down,120_149,0.55_0.60,150,0.6,379,269,0.7097625329815304,292,292,1.0,fine
down,120_149,0.60_0.65,150,0.6,265,159,0.6,146,146,1.0,fine
down,120_149,0.65_0.70,150,0.6,386,207,0.5362694300518135,171,171,1.0,fine
down,120_149,0.70_0.75,150,0.6,306,136,0.4444444444444444,100,100,1.0,fine
down,120_149,0.75_0.80,150,0.6,331,118,0.3564954682779456,94,94,1.0,fine
down,120_149,0.80_0.85,150,0.6,355,106,0.29859154929577464,54,54,1.0,fine
down,120_149,0.85_0.90,150,0.6,320,62,0.19375,45,45,1.0,fine
down,120_149,0.90_0.95,150,0.6,281,34,0.12099644128113879,18,18,1.0,fine
down,120_149,0.95_1.00,150,0.6,67,5,0.07462686567164178,3,3,1.0,fine
down,any,any,150,0.6,4294,2545,0.5926874708896134,4304,4286,0.995817843866171,side_delay_price
down,120_149,0.00_0.05,150,0.65,3,3,1.0,100,90,0.9,fine
down,120_149,0.05_0.10,150,0.65,11,11,1.0,289,287,0.9930795847750865,fine
down,120_149,0.10_0.15,150,0.65,44,43,0.9772727272727273,396,395,0.9974747474747475,fine
down,120_149,0.15_0.20,150,0.65,74,74,1.0,283,283,1.0,fine
down,120_149,0.20_0.25,150,0.65,95,94,0.9894736842105263,365,365,1.0,fine
down,120_149,0.25_0.30,150,0.65,180,177,0.9833333333333333,451,451,1.0,fine
down,120_149,0.30_0.35,150,0.65,183,174,0.9508196721311475,362,362,1.0,fine
down,120_149,0.35_0.40,150,0.65,158,153,0.9683544303797469,277,277,1.0,fine
down,120_149,0.40_0.45,150,0.65,239,229,0.9581589958158996,334,333,0.9970059880239521,fine
down,120_149,0.45_0.50,150,0.65,275,250,0.9090909090909091,259,258,0.9961389961389961,fine
down,120_149,0.50_0.55,150,0.65,342,293,0.8567251461988304,265,263,0.9924528301886792,fine
down,120_149,0.55_0.60,150,0.65,379,299,0.7889182058047494,292,292,1.0,fine
down,120_149,0.60_0.65,150,0.65,265,175,0.660377358490566,146,146,1.0,fine
down,120_149,0.65_0.70,150,0.65,386,244,0.6321243523316062,171,171,1.0,fine
down,120_149,0.70_0.75,150,0.65,306,151,0.4934640522875817,100,100,1.0,fine
down,120_149,0.75_0.80,150,0.65,331,134,0.40483383685800606,94,94,1.0,fine
down,120_149,0.80_0.85,150,0.65,355,128,0.36056338028169016,54,54,1.0,fine
down,120_149,0.85_0.90,150,0.65,320,72,0.225,45,45,1.0,fine
down,120_149,0.90_0.95,150,0.65,281,39,0.1387900355871886,18,18,1.0,fine
down,120_149,0.95_1.00,150,0.65,67,5,0.07462686567164178,3,3,1.0,fine
down,any,any,150,0.65,4294,2748,0.63996273870517,4304,4287,0.9960501858736059,side_delay_price
down,120_149,0.00_0.05,150,0.7,3,3,1.0,100,90,0.9,fine
down,120_149,0.05_0.10,150,0.7,11,11,1.0,289,287,0.9930795847750865,fine
down,120_149,0.10_0.15,150,0.7,44,43,0.9772727272727273,396,395,0.9974747474747475,fine
down,120_149,0.15_0.20,150,0.7,74,74,1.0,283,283,1.0,fine
down,120_149,0.20_0.25,150,0.7,95,94,0.9894736842105263,365,365,1.0,fine
down,120_149,0.25_0.30,150,0.7,180,177,0.9833333333333333,451,451,1.0,fine
down,120_149,0.30_0.35,150,0.7,183,176,0.9617486338797814,362,362,1.0,fine
down,120_149,0.35_0.40,150,0.7,158,154,0.9746835443037974,277,277,1.0,fine
down,120_149,0.40_0.45,150,0.7,239,232,0.9707112970711297,334,333,0.9970059880239521,fine
down,120_149,0.45_0.50,150,0.7,275,260,0.9454545454545454,259,258,0.9961389961389961,fine
down,120_149,0.50_0.55,150,0.7,342,308,0.9005847953216374,265,263,0.9924528301886792,fine
down,120_149,0.55_0.60,150,0.7,379,321,0.8469656992084432,292,292,1.0,fine
down,120_149,0.60_0.65,150,0.7,265,205,0.7735849056603774,146,146,1.0,fine
down,120_149,0.65_0.70,150,0.7,386,277,0.7176165803108808,171,171,1.0,fine
down,120_149,0.70_0.75,150,0.7,306,171,0.5588235294117647,100,100,1.0,fine
down,120_149,0.75_0.80,150,0.7,331,157,0.4743202416918429,94,94,1.0,fine
down,120_149,0.80_0.85,150,0.7,355,156,0.4394366197183099,54,54,1.0,fine
down,120_149,0.85_0.90,150,0.7,320,91,0.284375,45,45,1.0,fine
down,120_149,0.90_0.95,150,0.7,281,44,0.15658362989323843,18,18,1.0,fine
down,120_149,0.95_1.00,150,0.7,67,6,0.08955223880597014,3,3,1.0,fine
down,any,any,150,0.7,4294,2960,0.6893339543549138,4304,4287,0.9960501858736059,side_delay_price
down,120_149,0.00_0.05,180,0.45,3,3,1.0,100,78,0.78,fine
down,120_149,0.05_0.10,180,0.45,11,11,1.0,289,275,0.9515570934256056,fine
down,120_149,0.10_0.15,180,0.45,44,35,0.7954545454545454,396,392,0.98989898989899,fine
down,120_149,0.15_0.20,180,0.45,74,69,0.9324324324324325,283,283,1.0,fine
down,120_149,0.20_0.25,180,0.45,95,80,0.8421052631578947,365,364,0.9972602739726028,fine
down,120_149,0.25_0.30,180,0.45,180,139,0.7722222222222223,451,451,1.0,fine
down,120_149,0.30_0.35,180,0.45,183,130,0.7103825136612022,362,362,1.0,fine
down,120_149,0.35_0.40,180,0.45,158,108,0.6835443037974683,277,277,1.0,fine
down,120_149,0.40_0.45,180,0.45,239,149,0.6234309623430963,334,333,0.9970059880239521,fine
down,120_149,0.45_0.50,180,0.45,275,152,0.5527272727272727,259,256,0.9884169884169884,fine
down,120_149,0.50_0.55,180,0.45,342,174,0.5087719298245614,265,263,0.9924528301886792,fine
down,120_149,0.55_0.60,180,0.45,379,151,0.39841688654353563,292,291,0.9965753424657534,fine
down,120_149,0.60_0.65,180,0.45,265,93,0.35094339622641507,146,146,1.0,fine
down,120_149,0.65_0.70,180,0.45,386,125,0.3238341968911917,171,170,0.9941520467836257,fine
down,120_149,0.70_0.75,180,0.45,306,77,0.25163398692810457,100,98,0.98,fine
down,120_149,0.75_0.80,180,0.45,331,63,0.1903323262839879,94,93,0.9893617021276596,fine
down,120_149,0.80_0.85,180,0.45,355,61,0.17183098591549295,54,54,1.0,fine
down,120_149,0.85_0.90,180,0.45,320,35,0.109375,45,45,1.0,fine
down,120_149,0.90_0.95,180,0.45,281,14,0.0498220640569395,18,18,1.0,fine
down,120_149,0.95_1.00,180,0.45,67,4,0.05970149253731343,3,3,1.0,fine
down,any,any,180,0.45,4294,1673,0.3896134140661388,4304,4252,0.9879182156133829,side_delay_price
down,120_149,0.00_0.05,180,0.5,3,3,1.0,100,78,0.78,fine
down,120_149,0.05_0.10,180,0.5,11,11,1.0,289,275,0.9515570934256056,fine
down,120_149,0.10_0.15,180,0.5,44,36,0.8181818181818182,396,392,0.98989898989899,fine
down,120_149,0.15_0.20,180,0.5,74,69,0.9324324324324325,283,283,1.0,fine
down,120_149,0.20_0.25,180,0.5,95,82,0.8631578947368421,365,364,0.9972602739726028,fine
down,120_149,0.25_0.30,180,0.5,180,151,0.8388888888888889,451,451,1.0,fine
down,120_149,0.30_0.35,180,0.5,183,142,0.7759562841530054,362,362,1.0,fine
down,120_149,0.35_0.40,180,0.5,158,117,0.740506329113924,277,277,1.0,fine
down,120_149,0.40_0.45,180,0.5,239,169,0.7071129707112971,334,333,0.9970059880239521,fine
down,120_149,0.45_0.50,180,0.5,275,172,0.6254545454545455,259,256,0.9884169884169884,fine
down,120_149,0.50_0.55,180,0.5,342,206,0.6023391812865497,265,263,0.9924528301886792,fine
down,120_149,0.55_0.60,180,0.5,379,168,0.44327176781002636,292,292,1.0,fine
down,120_149,0.60_0.65,180,0.5,265,106,0.4,146,146,1.0,fine
down,120_149,0.65_0.70,180,0.5,386,140,0.3626943005181347,171,171,1.0,fine
down,120_149,0.70_0.75,180,0.5,306,91,0.2973856209150327,100,98,0.98,fine
down,120_149,0.75_0.80,180,0.5,331,79,0.23867069486404835,94,94,1.0,fine
down,120_149,0.80_0.85,180,0.5,355,73,0.2056338028169014,54,54,1.0,fine
down,120_149,0.85_0.90,180,0.5,320,43,0.134375,45,45,1.0,fine
down,120_149,0.90_0.95,180,0.5,281,19,0.06761565836298933,18,18,1.0,fine
down,120_149,0.95_1.00,180,0.5,67,4,0.05970149253731343,3,3,1.0,fine
down,any,any,180,0.5,4294,1881,0.43805309734513276,4304,4255,0.9886152416356877,side_delay_price
down,120_149,0.00_0.05,180,0.55,3,3,1.0,100,78,0.78,fine
down,120_149,0.05_0.10,180,0.55,11,11,1.0,289,275,0.9515570934256056,fine
down,120_149,0.10_0.15,180,0.55,44,37,0.8409090909090909,396,392,0.98989898989899,fine
down,120_149,0.15_0.20,180,0.55,74,70,0.9459459459459459,283,283,1.0,fine
down,120_149,0.20_0.25,180,0.55,95,83,0.8736842105263158,365,364,0.9972602739726028,fine
down,120_149,0.25_0.30,180,0.55,180,157,0.8722222222222222,451,451,1.0,fine
down,120_149,0.30_0.35,180,0.55,183,152,0.8306010928961749,362,362,1.0,fine
down,120_149,0.35_0.40,180,0.55,158,122,0.7721518987341772,277,277,1.0,fine
down,120_149,0.40_0.45,180,0.55,239,180,0.7531380753138075,334,333,0.9970059880239521,fine
down,120_149,0.45_0.50,180,0.55,275,187,0.68,259,257,0.9922779922779923,fine
down,120_149,0.50_0.55,180,0.55,342,220,0.6432748538011696,265,263,0.9924528301886792,fine
down,120_149,0.55_0.60,180,0.55,379,193,0.5092348284960422,292,292,1.0,fine
down,120_149,0.60_0.65,180,0.55,265,115,0.4339622641509434,146,146,1.0,fine
down,120_149,0.65_0.70,180,0.55,386,174,0.45077720207253885,171,171,1.0,fine
down,120_149,0.70_0.75,180,0.55,306,104,0.33986928104575165,100,100,1.0,fine
down,120_149,0.75_0.80,180,0.55,331,87,0.2628398791540785,94,94,1.0,fine
down,120_149,0.80_0.85,180,0.55,355,85,0.23943661971830985,54,54,1.0,fine
down,120_149,0.85_0.90,180,0.55,320,51,0.159375,45,45,1.0,fine
down,120_149,0.90_0.95,180,0.55,281,26,0.09252669039145907,18,18,1.0,fine
down,120_149,0.95_1.00,180,0.55,67,5,0.07462686567164178,3,3,1.0,fine
down,any,any,180,0.55,4294,2062,0.480204937121565,4304,4258,0.9893122676579925,side_delay_price
down,120_149,0.00_0.05,180,0.6,3,3,1.0,100,78,0.78,fine
down,120_149,0.05_0.10,180,0.6,11,11,1.0,289,275,0.9515570934256056,fine
down,120_149,0.10_0.15,180,0.6,44,39,0.8863636363636364,396,392,0.98989898989899,fine
down,120_149,0.15_0.20,180,0.6,74,72,0.972972972972973,283,283,1.0,fine
down,120_149,0.20_0.25,180,0.6,95,85,0.8947368421052632,365,364,0.9972602739726028,fine
down,120_149,0.25_0.30,180,0.6,180,161,0.8944444444444445,451,451,1.0,fine
down,120_149,0.30_0.35,180,0.6,183,156,0.8524590163934426,362,362,1.0,fine
down,120_149,0.35_0.40,180,0.6,158,128,0.810126582278481,277,277,1.0,fine
down,120_149,0.40_0.45,180,0.6,239,194,0.8117154811715481,334,333,0.9970059880239521,fine
down,120_149,0.45_0.50,180,0.6,275,200,0.7272727272727273,259,257,0.9922779922779923,fine
down,120_149,0.50_0.55,180,0.6,342,241,0.7046783625730995,265,263,0.9924528301886792,fine
down,120_149,0.55_0.60,180,0.6,379,223,0.5883905013192612,292,292,1.0,fine
down,120_149,0.60_0.65,180,0.6,265,135,0.5094339622641509,146,146,1.0,fine
down,120_149,0.65_0.70,180,0.6,386,193,0.5,171,171,1.0,fine
down,120_149,0.70_0.75,180,0.6,306,115,0.3758169934640523,100,100,1.0,fine
down,120_149,0.75_0.80,180,0.6,331,101,0.30513595166163143,94,94,1.0,fine
down,120_149,0.80_0.85,180,0.6,355,100,0.28169014084507044,54,54,1.0,fine
down,120_149,0.85_0.90,180,0.6,320,61,0.190625,45,45,1.0,fine
down,120_149,0.90_0.95,180,0.6,281,31,0.1103202846975089,18,18,1.0,fine
down,120_149,0.95_1.00,180,0.6,67,5,0.07462686567164178,3,3,1.0,fine
down,any,any,180,0.6,4294,2254,0.5249184909175594,4304,4258,0.9893122676579925,side_delay_price
down,120_149,0.00_0.05,180,0.65,3,3,1.0,100,78,0.78,fine
down,120_149,0.05_0.10,180,0.65,11,11,1.0,289,275,0.9515570934256056,fine
down,120_149,0.10_0.15,180,0.65,44,39,0.8863636363636364,396,392,0.98989898989899,fine
down,120_149,0.15_0.20,180,0.65,74,72,0.972972972972973,283,283,1.0,fine
down,120_149,0.20_0.25,180,0.65,95,89,0.9368421052631579,365,364,0.9972602739726028,fine
down,120_149,0.25_0.30,180,0.65,180,167,0.9277777777777778,451,451,1.0,fine
down,120_149,0.30_0.35,180,0.65,183,162,0.8852459016393442,362,362,1.0,fine
down,120_149,0.35_0.40,180,0.65,158,136,0.8607594936708861,277,277,1.0,fine
down,120_149,0.40_0.45,180,0.65,239,207,0.8661087866108786,334,333,0.9970059880239521,fine
down,120_149,0.45_0.50,180,0.65,275,215,0.7818181818181819,259,257,0.9922779922779923,fine
down,120_149,0.50_0.55,180,0.65,342,259,0.7573099415204678,265,263,0.9924528301886792,fine
down,120_149,0.55_0.60,180,0.65,379,239,0.6306068601583114,292,292,1.0,fine
down,120_149,0.60_0.65,180,0.65,265,149,0.5622641509433962,146,146,1.0,fine
down,120_149,0.65_0.70,180,0.65,386,218,0.5647668393782384,171,171,1.0,fine
down,120_149,0.70_0.75,180,0.65,306,133,0.434640522875817,100,100,1.0,fine
down,120_149,0.75_0.80,180,0.65,331,115,0.3474320241691843,94,94,1.0,fine
down,120_149,0.80_0.85,180,0.65,355,112,0.3154929577464789,54,54,1.0,fine
down,120_149,0.85_0.90,180,0.65,320,68,0.2125,45,45,1.0,fine
down,120_149,0.90_0.95,180,0.65,281,36,0.12811387900355872,18,18,1.0,fine
down,120_149,0.95_1.00,180,0.65,67,5,0.07462686567164178,3,3,1.0,fine
down,any,any,180,0.65,4294,2435,0.5670703306939916,4304,4258,0.9893122676579925,side_delay_price
down,120_149,0.00_0.05,180,0.7,3,3,1.0,100,78,0.78,fine
down,120_149,0.05_0.10,180,0.7,11,11,1.0,289,275,0.9515570934256056,fine
down,120_149,0.10_0.15,180,0.7,44,39,0.8863636363636364,396,392,0.98989898989899,fine
down,120_149,0.15_0.20,180,0.7,74,74,1.0,283,283,1.0,fine
down,120_149,0.20_0.25,180,0.7,95,90,0.9473684210526315,365,364,0.9972602739726028,fine
down,120_149,0.25_0.30,180,0.7,180,169,0.9388888888888889,451,451,1.0,fine
down,120_149,0.30_0.35,180,0.7,183,168,0.9180327868852459,362,362,1.0,fine
down,120_149,0.35_0.40,180,0.7,158,141,0.8924050632911392,277,277,1.0,fine
down,120_149,0.40_0.45,180,0.7,239,220,0.9205020920502092,334,333,0.9970059880239521,fine
down,120_149,0.45_0.50,180,0.7,275,236,0.8581818181818182,259,258,0.9961389961389961,fine
down,120_149,0.50_0.55,180,0.7,342,274,0.8011695906432749,265,263,0.9924528301886792,fine
down,120_149,0.55_0.60,180,0.7,379,261,0.6886543535620053,292,292,1.0,fine
down,120_149,0.60_0.65,180,0.7,265,170,0.6415094339622641,146,146,1.0,fine
down,120_149,0.65_0.70,180,0.7,386,238,0.616580310880829,171,171,1.0,fine
down,120_149,0.70_0.75,180,0.7,306,149,0.4869281045751634,100,100,1.0,fine
down,120_149,0.75_0.80,180,0.7,331,136,0.4108761329305136,94,94,1.0,fine
down,120_149,0.80_0.85,180,0.7,355,134,0.37746478873239436,54,54,1.0,fine
down,120_149,0.85_0.90,180,0.7,320,85,0.265625,45,45,1.0,fine
down,120_149,0.90_0.95,180,0.7,281,41,0.14590747330960854,18,18,1.0,fine
down,120_149,0.95_1.00,180,0.7,67,6,0.08955223880597014,3,3,1.0,fine
down,any,any,180,0.7,4294,2645,0.6159757801583605,4304,4259,0.9895446096654275,side_delay_price
down,120_149,0.00_0.05,240,0.45,3,3,1.0,100,47,0.47,fine
down,120_149,0.05_0.10,240,0.45,11,7,0.6363636363636364,289,200,0.6920415224913494,fine
down,120_149,0.10_0.15,240,0.45,44,27,0.6136363636363636,396,328,0.8282828282828283,fine
down,120_149,0.15_0.20,240,0.45,74,42,0.5675675675675675,283,243,0.8586572438162544,fine
down,120_149,0.20_0.25,240,0.45,95,55,0.5789473684210527,365,339,0.9287671232876712,fine
down,120_149,0.25_0.30,240,0.45,180,95,0.5277777777777778,451,418,0.926829268292683,fine
down,120_149,0.30_0.35,240,0.45,183,86,0.46994535519125685,362,343,0.9475138121546961,fine
down,120_149,0.35_0.40,240,0.45,158,77,0.4873417721518987,277,265,0.9566787003610109,fine
down,120_149,0.40_0.45,240,0.45,239,108,0.45188284518828453,334,326,0.9760479041916168,fine
down,120_149,0.45_0.50,240,0.45,275,98,0.3563636363636364,259,246,0.9498069498069498,fine
down,120_149,0.50_0.55,240,0.45,342,131,0.3830409356725146,265,258,0.9735849056603774,fine
down,120_149,0.55_0.60,240,0.45,379,115,0.3034300791556728,292,285,0.976027397260274,fine
down,120_149,0.60_0.65,240,0.45,265,65,0.24528301886792453,146,144,0.9863013698630136,fine
down,120_149,0.65_0.70,240,0.45,386,90,0.23316062176165803,171,170,0.9941520467836257,fine
down,120_149,0.70_0.75,240,0.45,306,58,0.1895424836601307,100,96,0.96,fine
down,120_149,0.75_0.80,240,0.45,331,59,0.1782477341389728,94,92,0.9787234042553191,fine
down,120_149,0.80_0.85,240,0.45,355,50,0.14084507042253522,54,52,0.9629629629629629,fine
down,120_149,0.85_0.90,240,0.45,320,30,0.09375,45,45,1.0,fine
down,120_149,0.90_0.95,240,0.45,281,13,0.046263345195729534,18,18,1.0,fine
down,120_149,0.95_1.00,240,0.45,67,4,0.05970149253731343,3,3,1.0,fine
down,any,any,240,0.45,4294,1213,0.2824871914299022,4304,3918,0.9103159851301115,side_delay_price
down,120_149,0.00_0.05,240,0.5,3,3,1.0,100,48,0.48,fine
down,120_149,0.05_0.10,240,0.5,11,8,0.7272727272727273,289,200,0.6920415224913494,fine
down,120_149,0.10_0.15,240,0.5,44,28,0.6363636363636364,396,328,0.8282828282828283,fine
down,120_149,0.15_0.20,240,0.5,74,46,0.6216216216216216,283,244,0.8621908127208481,fine
down,120_149,0.20_0.25,240,0.5,95,58,0.6105263157894737,365,339,0.9287671232876712,fine
down,120_149,0.25_0.30,240,0.5,180,104,0.5777777777777777,451,418,0.926829268292683,fine
down,120_149,0.30_0.35,240,0.5,183,93,0.5081967213114754,362,343,0.9475138121546961,fine
down,120_149,0.35_0.40,240,0.5,158,81,0.5126582278481012,277,265,0.9566787003610109,fine
down,120_149,0.40_0.45,240,0.5,239,122,0.5104602510460251,334,326,0.9760479041916168,fine
down,120_149,0.45_0.50,240,0.5,275,110,0.4,259,247,0.9536679536679536,fine
down,120_149,0.50_0.55,240,0.5,342,149,0.43567251461988304,265,259,0.9773584905660377,fine
down,120_149,0.55_0.60,240,0.5,379,126,0.3324538258575198,292,286,0.9794520547945206,fine
down,120_149,0.60_0.65,240,0.5,265,76,0.28679245283018867,146,144,0.9863013698630136,fine
down,120_149,0.65_0.70,240,0.5,386,105,0.27202072538860106,171,170,0.9941520467836257,fine
down,120_149,0.70_0.75,240,0.5,306,71,0.23202614379084968,100,96,0.96,fine
down,120_149,0.75_0.80,240,0.5,331,68,0.2054380664652568,94,93,0.9893617021276596,fine
down,120_149,0.80_0.85,240,0.5,355,56,0.15774647887323945,54,52,0.9629629629629629,fine
down,120_149,0.85_0.90,240,0.5,320,37,0.115625,45,45,1.0,fine
down,120_149,0.90_0.95,240,0.5,281,18,0.06405693950177936,18,18,1.0,fine
down,120_149,0.95_1.00,240,0.5,67,4,0.05970149253731343,3,3,1.0,fine
down,any,any,240,0.5,4294,1363,0.3174196553330228,4304,3924,0.9117100371747212,side_delay_price
down,120_149,0.00_0.05,240,0.55,3,3,1.0,100,48,0.48,fine
down,120_149,0.05_0.10,240,0.55,11,8,0.7272727272727273,289,200,0.6920415224913494,fine
down,120_149,0.10_0.15,240,0.55,44,28,0.6363636363636364,396,328,0.8282828282828283,fine
down,120_149,0.15_0.20,240,0.55,74,48,0.6486486486486487,283,245,0.8657243816254417,fine
down,120_149,0.20_0.25,240,0.55,95,59,0.6210526315789474,365,339,0.9287671232876712,fine
down,120_149,0.25_0.30,240,0.55,180,113,0.6277777777777778,451,418,0.926829268292683,fine
down,120_149,0.30_0.35,240,0.55,183,101,0.5519125683060109,362,343,0.9475138121546961,fine
down,120_149,0.35_0.40,240,0.55,158,90,0.569620253164557,277,265,0.9566787003610109,fine
down,120_149,0.40_0.45,240,0.55,239,134,0.5606694560669456,334,326,0.9760479041916168,fine
down,120_149,0.45_0.50,240,0.55,275,119,0.43272727272727274,259,248,0.9575289575289575,fine
down,120_149,0.50_0.55,240,0.55,342,167,0.48830409356725146,265,259,0.9773584905660377,fine
down,120_149,0.55_0.60,240,0.55,379,144,0.37994722955145116,292,286,0.9794520547945206,fine
down,120_149,0.60_0.65,240,0.55,265,83,0.3132075471698113,146,144,0.9863013698630136,fine
down,120_149,0.65_0.70,240,0.55,386,124,0.32124352331606215,171,171,1.0,fine
down,120_149,0.70_0.75,240,0.55,306,78,0.2549019607843137,100,98,0.98,fine
down,120_149,0.75_0.80,240,0.55,331,74,0.22356495468277945,94,93,0.9893617021276596,fine
down,120_149,0.80_0.85,240,0.55,355,62,0.17464788732394365,54,52,0.9629629629629629,fine
down,120_149,0.85_0.90,240,0.55,320,42,0.13125,45,45,1.0,fine
down,120_149,0.90_0.95,240,0.55,281,20,0.0711743772241993,18,18,1.0,fine
down,120_149,0.95_1.00,240,0.55,67,4,0.05970149253731343,3,3,1.0,fine
down,any,any,240,0.55,4294,1501,0.3495575221238938,4304,3929,0.9128717472118959,side_delay_price
down,120_149,0.00_0.05,240,0.6,3,3,1.0,100,48,0.48,fine
down,120_149,0.05_0.10,240,0.6,11,8,0.7272727272727273,289,200,0.6920415224913494,fine
down,120_149,0.10_0.15,240,0.6,44,29,0.6590909090909091,396,328,0.8282828282828283,fine
down,120_149,0.15_0.20,240,0.6,74,49,0.6621621621621622,283,245,0.8657243816254417,fine
down,120_149,0.20_0.25,240,0.6,95,61,0.6421052631578947,365,339,0.9287671232876712,fine
down,120_149,0.25_0.30,240,0.6,180,119,0.6611111111111111,451,418,0.926829268292683,fine
down,120_149,0.30_0.35,240,0.6,183,107,0.5846994535519126,362,343,0.9475138121546961,fine
down,120_149,0.35_0.40,240,0.6,158,98,0.620253164556962,277,265,0.9566787003610109,fine
down,120_149,0.40_0.45,240,0.6,239,142,0.5941422594142259,334,326,0.9760479041916168,fine
down,120_149,0.45_0.50,240,0.6,275,133,0.48363636363636364,259,248,0.9575289575289575,fine
down,120_149,0.50_0.55,240,0.6,342,178,0.52046783625731,265,259,0.9773584905660377,fine
down,120_149,0.55_0.60,240,0.6,379,169,0.44591029023746703,292,286,0.9794520547945206,fine
down,120_149,0.60_0.65,240,0.6,265,93,0.35094339622641507,146,144,0.9863013698630136,fine
down,120_149,0.65_0.70,240,0.6,386,139,0.3601036269430052,171,171,1.0,fine
down,120_149,0.70_0.75,240,0.6,306,89,0.2908496732026144,100,98,0.98,fine
down,120_149,0.75_0.80,240,0.6,331,83,0.25075528700906347,94,93,0.9893617021276596,fine
down,120_149,0.80_0.85,240,0.6,355,71,0.2,54,52,0.9629629629629629,fine
down,120_149,0.85_0.90,240,0.6,320,48,0.15,45,45,1.0,fine
down,120_149,0.90_0.95,240,0.6,281,23,0.08185053380782918,18,18,1.0,fine
down,120_149,0.95_1.00,240,0.6,67,4,0.05970149253731343,3,3,1.0,fine
down,any,any,240,0.6,4294,1646,0.3833255705635771,4304,3929,0.9128717472118959,side_delay_price
down,120_149,0.00_0.05,240,0.65,3,3,1.0,100,48,0.48,fine
down,120_149,0.05_0.10,240,0.65,11,8,0.7272727272727273,289,200,0.6920415224913494,fine
down,120_149,0.10_0.15,240,0.65,44,29,0.6590909090909091,396,328,0.8282828282828283,fine
down,120_149,0.15_0.20,240,0.65,74,55,0.7432432432432432,283,245,0.8657243816254417,fine
down,120_149,0.20_0.25,240,0.65,95,63,0.6631578947368421,365,339,0.9287671232876712,fine
down,120_149,0.25_0.30,240,0.65,180,124,0.6888888888888889,451,418,0.926829268292683,fine
down,120_149,0.30_0.35,240,0.65,183,116,0.6338797814207651,362,343,0.9475138121546961,fine
down,120_149,0.35_0.40,240,0.65,158,103,0.6518987341772152,277,265,0.9566787003610109,fine
down,120_149,0.40_0.45,240,0.65,239,154,0.6443514644351465,334,326,0.9760479041916168,fine
down,120_149,0.45_0.50,240,0.65,275,145,0.5272727272727272,259,248,0.9575289575289575,fine
down,120_149,0.50_0.55,240,0.65,342,188,0.5497076023391813,265,259,0.9773584905660377,fine
down,120_149,0.55_0.60,240,0.65,379,181,0.47757255936675463,292,286,0.9794520547945206,fine
down,120_149,0.60_0.65,240,0.65,265,100,0.37735849056603776,146,144,0.9863013698630136,fine
down,120_149,0.65_0.70,240,0.65,386,163,0.422279792746114,171,171,1.0,fine
down,120_149,0.70_0.75,240,0.65,306,102,0.3333333333333333,100,98,0.98,fine
down,120_149,0.75_0.80,240,0.65,331,91,0.27492447129909364,94,93,0.9893617021276596,fine
down,120_149,0.80_0.85,240,0.65,355,84,0.23661971830985915,54,52,0.9629629629629629,fine
down,120_149,0.85_0.90,240,0.65,320,56,0.175,45,45,1.0,fine
down,120_149,0.90_0.95,240,0.65,281,27,0.09608540925266904,18,18,1.0,fine
down,120_149,0.95_1.00,240,0.65,67,4,0.05970149253731343,3,3,1.0,fine
down,any,any,240,0.65,4294,1796,0.41825803446669774,4304,3929,0.9128717472118959,side_delay_price
down,120_149,0.00_0.05,240,0.7,3,3,1.0,100,48,0.48,fine
down,120_149,0.05_0.10,240,0.7,11,8,0.7272727272727273,289,200,0.6920415224913494,fine
down,120_149,0.10_0.15,240,0.7,44,31,0.7045454545454546,396,328,0.8282828282828283,fine
down,120_149,0.15_0.20,240,0.7,74,57,0.7702702702702703,283,245,0.8657243816254417,fine
down,120_149,0.20_0.25,240,0.7,95,68,0.7157894736842105,365,339,0.9287671232876712,fine
down,120_149,0.25_0.30,240,0.7,180,129,0.7166666666666667,451,418,0.926829268292683,fine
down,120_149,0.30_0.35,240,0.7,183,121,0.6612021857923497,362,343,0.9475138121546961,fine
down,120_149,0.35_0.40,240,0.7,158,114,0.7215189873417721,277,265,0.9566787003610109,fine
down,120_149,0.40_0.45,240,0.7,239,168,0.702928870292887,334,326,0.9760479041916168,fine
down,120_149,0.45_0.50,240,0.7,275,162,0.5890909090909091,259,249,0.9613899613899614,fine
down,120_149,0.50_0.55,240,0.7,342,202,0.5906432748538012,265,259,0.9773584905660377,fine
down,120_149,0.55_0.60,240,0.7,379,196,0.5171503957783641,292,286,0.9794520547945206,fine
down,120_149,0.60_0.65,240,0.7,265,111,0.4188679245283019,146,144,0.9863013698630136,fine
down,120_149,0.65_0.70,240,0.7,386,173,0.4481865284974093,171,171,1.0,fine
down,120_149,0.70_0.75,240,0.7,306,112,0.3660130718954248,100,98,0.98,fine
down,120_149,0.75_0.80,240,0.7,331,99,0.2990936555891239,94,93,0.9893617021276596,fine
down,120_149,0.80_0.85,240,0.7,355,105,0.29577464788732394,54,52,0.9629629629629629,fine
down,120_149,0.85_0.90,240,0.7,320,62,0.19375,45,45,1.0,fine
down,120_149,0.90_0.95,240,0.7,281,32,0.11387900355871886,18,18,1.0,fine
down,120_149,0.95_1.00,240,0.7,67,6,0.08955223880597014,3,3,1.0,fine
down,any,any,240,0.7,4294,1959,0.4562179785747555,4304,3930,0.9131040892193308,side_delay_price
