model,roc_auc,coverage,accepted_sample_accuracy,accepted_count,up_prediction_count,down_prediction_count,selected_t_up,selected_t_down,selection_score,coverage_constraint_satisfied,holdout_coverage,holdout_accepted_sample_accuracy,holdout_accepted_count,holdout_up_prediction_count,holdout_down_prediction_count
random_forest_sqrt,0.7908267365294478,0.7080673244341266,0.7868852459016393,1220,621,599,0.625,0.375,1.3121121478637436,True,0.7317073170731707,0.7888888888888889,630,326,304
extra_trees_sqrt,0.7943764773741082,0.7011027278003482,0.7855960264900662,1208,602,606,0.635,0.37,1.2982093278088631,True,0.735191637630662,0.7946287519747235,633,328,305
catboost_ordered,0.793488368332107,0.702263493905978,0.784297520661157,1210,717,493,0.585,0.295,1.2843743537401346,True,0.7247386759581882,0.7788461538461539,624,370,254
logistic_regression_balanced,0.7897108726648392,0.7005223447475334,0.7821043910521955,1207,618,589,0.64,0.335,1.261382017835193,True,0.7003484320557491,0.7976782752902156,603,322,281
adaboost,0.7896030597310606,0.7040046430644226,0.7790601813685079,1213,753,460,0.535,0.275,1.2302236640361743,True,0.7293844367015099,0.7738853503184714,628,397,231
lightgbm_gbdt,0.7840196974230015,0.7011027278003482,0.7781456953642384,1208,633,575,0.64,0.305,1.2210306563525952,True,0.7363530778164924,0.7744479495268138,634,342,292
gradient_boosting_shallow,0.7903793128542665,0.7150319210679048,0.7775974025974026,1232,747,485,0.56,0.29,1.2155551130899678,True,0.7398373983739838,0.7660910518053375,637,396,241
hist_gradient_boosting_shallow,0.7826086956521738,0.7040046430644226,0.7716405605935697,1213,507,706,0.68,0.395,1.1577615233274177,True,0.7317073170731707,0.7952380952380952,630,289,341
hist_gradient_boosting_regularized,0.780736793589443,0.7028438769587928,0.7696118909991743,1211,652,559,0.63,0.31,1.138761475046649,True,0.7247386759581882,0.7868589743589743,624,343,281
